SettlementPoint,month,day_of_week,hr,Normalized_Hour_Average
HB_HUBAVG,1,Fri,1,0.794464963845394
HB_HUBAVG,1,Fri,2,0.743325244575279
HB_HUBAVG,1,Fri,3,0.74633634341215
HB_HUBAVG,1,Fri,4,0.76807500818566
HB_HUBAVG,1,Fri,5,0.835641128427649
HB_HUBAVG,1,Fri,6,0.98455587822186
HB_HUBAVG,1,Fri,7,1.60594386014303
HB_HUBAVG,1,Fri,8,1.41568158241812
HB_HUBAVG,1,Fri,9,1.16522180843414
HB_HUBAVG,1,Fri,10,1.09222102199877
HB_HUBAVG,1,Fri,11,1.0436762334336
HB_HUBAVG,1,Fri,12,0.972462521917678
HB_HUBAVG,1,Fri,13,0.921396244082609
HB_HUBAVG,1,Fri,14,0.89072220471188
HB_HUBAVG,1,Fri,15,0.861174267345184
HB_HUBAVG,1,Fri,16,0.846461499857707
HB_HUBAVG,1,Fri,17,0.887760066831706
HB_HUBAVG,1,Fri,18,1.30850604820818
HB_HUBAVG,1,Fri,19,1.32559342209547
HB_HUBAVG,1,Fri,20,1.0916334905184
HB_HUBAVG,1,Fri,21,1.01682114868525
HB_HUBAVG,1,Fri,22,0.973515182486666
HB_HUBAVG,1,Fri,23,0.881346181504387
HB_HUBAVG,1,Fri,24,0.827464648659235
HB_HUBAVG,1,Sat,1,0.880336756036268
HB_HUBAVG,1,Sat,2,0.815118196521803
HB_HUBAVG,1,Sat,3,0.783052615496467
HB_HUBAVG,1,Sat,4,0.777160438541497
HB_HUBAVG,1,Sat,5,0.820529895527656
HB_HUBAVG,1,Sat,6,0.888176133100821
HB_HUBAVG,1,Sat,7,1.07214861098672
HB_HUBAVG,1,Sat,8,1.18622419143253
HB_HUBAVG,1,Sat,9,1.37932575035167
HB_HUBAVG,1,Sat,10,1.32842037605829
HB_HUBAVG,1,Sat,11,1.15656100015278
HB_HUBAVG,1,Sat,12,1.06489086512373
HB_HUBAVG,1,Sat,13,0.958882256560473
HB_HUBAVG,1,Sat,14,0.89834203497163
HB_HUBAVG,1,Sat,15,0.873003145233943
HB_HUBAVG,1,Sat,16,0.855276037742807
HB_HUBAVG,1,Sat,17,0.878187249421793
HB_HUBAVG,1,Sat,18,1.18435285626228
HB_HUBAVG,1,Sat,19,1.34647623161987
HB_HUBAVG,1,Sat,20,1.11918487337404
HB_HUBAVG,1,Sat,21,1.02088920030978
HB_HUBAVG,1,Sat,22,0.966013560857906
HB_HUBAVG,1,Sat,23,0.906358430227964
HB_HUBAVG,1,Sat,24,0.841089294087276
HB_HUBAVG,1,Sun,1,0.845996879126155
HB_HUBAVG,1,Sun,2,0.770944285452558
HB_HUBAVG,1,Sun,3,0.741352841953642
HB_HUBAVG,1,Sun,4,0.75237066378586
HB_HUBAVG,1,Sun,5,0.789593717819937
HB_HUBAVG,1,Sun,6,0.855018352507123
HB_HUBAVG,1,Sun,7,1.05634630328071
HB_HUBAVG,1,Sun,8,1.16149574512442
HB_HUBAVG,1,Sun,9,1.25085129099306
HB_HUBAVG,1,Sun,10,1.19930001453038
HB_HUBAVG,1,Sun,11,1.09930570033294
HB_HUBAVG,1,Sun,12,1.02786675005844
HB_HUBAVG,1,Sun,13,0.963756167516378
HB_HUBAVG,1,Sun,14,0.926583653949421
HB_HUBAVG,1,Sun,15,0.893707080087688
HB_HUBAVG,1,Sun,16,0.89032086879063
HB_HUBAVG,1,Sun,17,0.918017044772536
HB_HUBAVG,1,Sun,18,1.27329125839446
HB_HUBAVG,1,Sun,19,1.52586724282799
HB_HUBAVG,1,Sun,20,1.1835061185553
HB_HUBAVG,1,Sun,21,1.0808837000676
HB_HUBAVG,1,Sun,22,1.01518109281125
HB_HUBAVG,1,Sun,23,0.918522449443739
HB_HUBAVG,1,Sun,24,0.859920777817789
HB_HUBAVG,1,Mon,1,0.756315413168557
HB_HUBAVG,1,Mon,2,0.726813091172943
HB_HUBAVG,1,Mon,3,0.723084775755915
HB_HUBAVG,1,Mon,4,0.747191461154215
HB_HUBAVG,1,Mon,5,0.812379087855669
HB_HUBAVG,1,Mon,6,0.919342373018729
HB_HUBAVG,1,Mon,7,1.53291656736393
HB_HUBAVG,1,Mon,8,1.39645096020525
HB_HUBAVG,1,Mon,9,1.17025105341314
HB_HUBAVG,1,Mon,10,1.15228103624783
HB_HUBAVG,1,Mon,11,1.05881842119736
HB_HUBAVG,1,Mon,12,0.965471592339971
HB_HUBAVG,1,Mon,13,0.924367493798202
HB_HUBAVG,1,Mon,14,0.900770267649434
HB_HUBAVG,1,Mon,15,0.883147609063357
HB_HUBAVG,1,Mon,16,0.863162912138542
HB_HUBAVG,1,Mon,17,0.898269285879005
HB_HUBAVG,1,Mon,18,1.32125940642208
HB_HUBAVG,1,Mon,19,1.39624254505771
HB_HUBAVG,1,Mon,20,1.12185242470762
HB_HUBAVG,1,Mon,21,1.04684612883337
HB_HUBAVG,1,Mon,22,0.979018576929794
HB_HUBAVG,1,Mon,23,0.893892567780755
HB_HUBAVG,1,Mon,24,0.809854948846625
HB_HUBAVG,1,Tue,1,0.625597507569182
HB_HUBAVG,1,Tue,2,0.595089208362519
HB_HUBAVG,1,Tue,3,0.596981195910219
HB_HUBAVG,1,Tue,4,0.630288060031188
HB_HUBAVG,1,Tue,5,0.721123170524411
HB_HUBAVG,1,Tue,6,0.868304035172574
HB_HUBAVG,1,Tue,7,1.57127595016124
HB_HUBAVG,1,Tue,8,1.50621917000543
HB_HUBAVG,1,Tue,9,1.19335143750816
HB_HUBAVG,1,Tue,10,1.13144796993185
HB_HUBAVG,1,Tue,11,1.02175210857249
HB_HUBAVG,1,Tue,12,0.952044192361922
HB_HUBAVG,1,Tue,13,0.909513888945915
HB_HUBAVG,1,Tue,14,0.874058830630162
HB_HUBAVG,1,Tue,15,0.84871408077243
HB_HUBAVG,1,Tue,16,0.853227259401839
HB_HUBAVG,1,Tue,17,0.908646727986552
HB_HUBAVG,1,Tue,18,1.48761462578638
HB_HUBAVG,1,Tue,19,1.65907599729669
HB_HUBAVG,1,Tue,20,1.24614971501116
HB_HUBAVG,1,Tue,21,1.09981630311874
HB_HUBAVG,1,Tue,22,1.00306873153896
HB_HUBAVG,1,Tue,23,0.884957467233059
HB_HUBAVG,1,Tue,24,0.811682366166927
HB_HUBAVG,1,Wed,1,0.567549460477297
HB_HUBAVG,1,Wed,2,0.548135779034239
HB_HUBAVG,1,Wed,3,0.551394232233309
HB_HUBAVG,1,Wed,4,0.576167612396334
HB_HUBAVG,1,Wed,5,0.686041436155634
HB_HUBAVG,1,Wed,6,1.05627176108737
HB_HUBAVG,1,Wed,7,3.45875671231208
HB_HUBAVG,1,Wed,8,3.48046958269467
HB_HUBAVG,1,Wed,9,1.57864444286541
HB_HUBAVG,1,Wed,10,0.896348705247023
HB_HUBAVG,1,Wed,11,0.8458122278278
HB_HUBAVG,1,Wed,12,0.768949275730107
HB_HUBAVG,1,Wed,13,0.724975383959477
HB_HUBAVG,1,Wed,14,0.691553399043781
HB_HUBAVG,1,Wed,15,0.657141697034909
HB_HUBAVG,1,Wed,16,0.647579507273152
HB_HUBAVG,1,Wed,17,0.670449585333915
HB_HUBAVG,1,Wed,18,0.947372428004426
HB_HUBAVG,1,Wed,19,1.03162019225889
HB_HUBAVG,1,Wed,20,0.840376397023743
HB_HUBAVG,1,Wed,21,0.789169957264523
HB_HUBAVG,1,Wed,22,0.726741648310376
HB_HUBAVG,1,Wed,23,0.659654055809893
HB_HUBAVG,1,Wed,24,0.598824520621644
HB_HUBAVG,1,Thu,1,0.721782148662547
HB_HUBAVG,1,Thu,2,0.688132125188942
HB_HUBAVG,1,Thu,3,0.692256966776029
HB_HUBAVG,1,Thu,4,0.719849986024386
HB_HUBAVG,1,Thu,5,0.808512370454194
HB_HUBAVG,1,Thu,6,1.04794856973832
HB_HUBAVG,1,Thu,7,1.98229031829123
HB_HUBAVG,1,Thu,8,1.74168179560867
HB_HUBAVG,1,Thu,9,1.25230190583964
HB_HUBAVG,1,Thu,10,1.10769364367339
HB_HUBAVG,1,Thu,11,1.01922664647665
HB_HUBAVG,1,Thu,12,0.93353848992806
HB_HUBAVG,1,Thu,13,0.887166586612175
HB_HUBAVG,1,Thu,14,0.859117663819983
HB_HUBAVG,1,Thu,15,0.820105346283165
HB_HUBAVG,1,Thu,16,0.819671152431893
HB_HUBAVG,1,Thu,17,0.85399417637497
HB_HUBAVG,1,Thu,18,1.22199517502083
HB_HUBAVG,1,Thu,19,1.28291257235433
HB_HUBAVG,1,Thu,20,1.0378752723888
HB_HUBAVG,1,Thu,21,0.977956520913218
HB_HUBAVG,1,Thu,22,0.898607594593201
HB_HUBAVG,1,Thu,23,0.843530104559307
HB_HUBAVG,1,Thu,24,0.781852867986073
HB_HUBAVG,2,Mon,1,0.686105184391211
HB_HUBAVG,2,Mon,2,0.63602074969917
HB_HUBAVG,2,Mon,3,0.623795415246782
HB_HUBAVG,2,Mon,4,0.656285075788984
HB_HUBAVG,2,Mon,5,0.735916596725754
HB_HUBAVG,2,Mon,6,0.897697511451771
HB_HUBAVG,2,Mon,7,1.4617920378591
HB_HUBAVG,2,Mon,8,1.32983123173531
HB_HUBAVG,2,Mon,9,1.16268087731184
HB_HUBAVG,2,Mon,10,1.1459051702345
HB_HUBAVG,2,Mon,11,1.07579909599264
HB_HUBAVG,2,Mon,12,1.04552395012792
HB_HUBAVG,2,Mon,13,1.01628022205818
HB_HUBAVG,2,Mon,14,1.01700828167818
HB_HUBAVG,2,Mon,15,0.992496941138402
HB_HUBAVG,2,Mon,16,1.00554134266328
HB_HUBAVG,2,Mon,17,0.994438433458384
HB_HUBAVG,2,Mon,18,1.1677166230168
HB_HUBAVG,2,Mon,19,1.65327171791734
HB_HUBAVG,2,Mon,20,1.14684558057699
HB_HUBAVG,2,Mon,21,1.02868757141557
HB_HUBAVG,2,Mon,22,0.945142730021336
HB_HUBAVG,2,Mon,23,0.841363898354788
HB_HUBAVG,2,Mon,24,0.733853761135773
HB_HUBAVG,2,Tue,1,0.626034914297551
HB_HUBAVG,2,Tue,2,0.573817839250679
HB_HUBAVG,2,Tue,3,0.555894937809485
HB_HUBAVG,2,Tue,4,0.597598932859049
HB_HUBAVG,2,Tue,5,0.687466767293871
HB_HUBAVG,2,Tue,6,0.861027584960279
HB_HUBAVG,2,Tue,7,1.28487570473128
HB_HUBAVG,2,Tue,8,1.15957372416095
HB_HUBAVG,2,Tue,9,1.0924736744191
HB_HUBAVG,2,Tue,10,1.08572883695094
HB_HUBAVG,2,Tue,11,1.05802117129539
HB_HUBAVG,2,Tue,12,1.03883163370994
HB_HUBAVG,2,Tue,13,1.01945210070285
HB_HUBAVG,2,Tue,14,1.04076325382993
HB_HUBAVG,2,Tue,15,1.03259345069949
HB_HUBAVG,2,Tue,16,1.05235297454985
HB_HUBAVG,2,Tue,17,1.06451268153469
HB_HUBAVG,2,Tue,18,1.2390868081165
HB_HUBAVG,2,Tue,19,1.88421626228868
HB_HUBAVG,2,Tue,20,1.21042916535275
HB_HUBAVG,2,Tue,21,1.0964952441771
HB_HUBAVG,2,Tue,22,1.01096563853635
HB_HUBAVG,2,Tue,23,0.906594820249818
HB_HUBAVG,2,Tue,24,0.82119187822349
HB_HUBAVG,2,Wed,1,0.69947512542432
HB_HUBAVG,2,Wed,2,0.643162112154668
HB_HUBAVG,2,Wed,3,0.624786944672673
HB_HUBAVG,2,Wed,4,0.6478809051645
HB_HUBAVG,2,Wed,5,0.731256665099812
HB_HUBAVG,2,Wed,6,0.887914342969272
HB_HUBAVG,2,Wed,7,1.41948168798414
HB_HUBAVG,2,Wed,8,1.20516723459719
HB_HUBAVG,2,Wed,9,1.07794732504072
HB_HUBAVG,2,Wed,10,1.06613471737373
HB_HUBAVG,2,Wed,11,1.05160333492623
HB_HUBAVG,2,Wed,12,1.04738454647373
HB_HUBAVG,2,Wed,13,1.02994688753674
HB_HUBAVG,2,Wed,14,1.02741561446524
HB_HUBAVG,2,Wed,15,1.02491559167857
HB_HUBAVG,2,Wed,16,1.05685338277823
HB_HUBAVG,2,Wed,17,1.01847803300291
HB_HUBAVG,2,Wed,18,1.15597928626954
HB_HUBAVG,2,Wed,19,1.69414044138423
HB_HUBAVG,2,Wed,20,1.19935468161819
HB_HUBAVG,2,Wed,21,1.09944752100605
HB_HUBAVG,2,Wed,22,0.979821430664082
HB_HUBAVG,2,Wed,23,0.839757654041118
HB_HUBAVG,2,Wed,24,0.771694533674135
HB_HUBAVG,2,Thu,1,0.645486839355782
HB_HUBAVG,2,Thu,2,0.614963122334786
HB_HUBAVG,2,Thu,3,0.60657374372151
HB_HUBAVG,2,Thu,4,0.634992376810024
HB_HUBAVG,2,Thu,5,0.691272414887278
HB_HUBAVG,2,Thu,6,0.896053741554512
HB_HUBAVG,2,Thu,7,1.69013474085024
HB_HUBAVG,2,Thu,8,1.3865692549396
HB_HUBAVG,2,Thu,9,1.14878764191903
HB_HUBAVG,2,Thu,10,1.1105865599678
HB_HUBAVG,2,Thu,11,1.07309749169962
HB_HUBAVG,2,Thu,12,1.03582512324802
HB_HUBAVG,2,Thu,13,1.0036297219277
HB_HUBAVG,2,Thu,14,0.989760933666638
HB_HUBAVG,2,Thu,15,0.967471809675647
HB_HUBAVG,2,Thu,16,0.972579733923582
HB_HUBAVG,2,Thu,17,0.989451362500097
HB_HUBAVG,2,Thu,18,1.15123325413471
HB_HUBAVG,2,Thu,19,1.61382544829775
HB_HUBAVG,2,Thu,20,1.14504183080388
HB_HUBAVG,2,Thu,21,1.04662915696032
HB_HUBAVG,2,Thu,22,0.966790753109255
HB_HUBAVG,2,Thu,23,0.8609483712687
HB_HUBAVG,2,Thu,24,0.758294572443523
HB_HUBAVG,2,Fri,1,0.701897615271971
HB_HUBAVG,2,Fri,2,0.658011942608709
HB_HUBAVG,2,Fri,3,0.64320128682747
HB_HUBAVG,2,Fri,4,0.680592122734205
HB_HUBAVG,2,Fri,5,0.746117134684401
HB_HUBAVG,2,Fri,6,0.867849799312579
HB_HUBAVG,2,Fri,7,1.58677359879208
HB_HUBAVG,2,Fri,8,1.30606918215134
HB_HUBAVG,2,Fri,9,1.19064925605287
HB_HUBAVG,2,Fri,10,1.16096724508145
HB_HUBAVG,2,Fri,11,1.09274110943345
HB_HUBAVG,2,Fri,12,1.05996342860611
HB_HUBAVG,2,Fri,13,1.00824753218966
HB_HUBAVG,2,Fri,14,1.00633550080806
HB_HUBAVG,2,Fri,15,1.0004780078454
HB_HUBAVG,2,Fri,16,0.984574762703248
HB_HUBAVG,2,Fri,17,0.991190998277654
HB_HUBAVG,2,Fri,18,1.17268223100678
HB_HUBAVG,2,Fri,19,1.51138493288922
HB_HUBAVG,2,Fri,20,1.06202720851006
HB_HUBAVG,2,Fri,21,0.992313937343035
HB_HUBAVG,2,Fri,22,0.936015235551644
HB_HUBAVG,2,Fri,23,0.856134813387254
HB_HUBAVG,2,Fri,24,0.783781117931364
HB_HUBAVG,2,Sat,1,0.810038958242776
HB_HUBAVG,2,Sat,2,0.741920937922742
HB_HUBAVG,2,Sat,3,0.724761436620748
HB_HUBAVG,2,Sat,4,0.734056166492661
HB_HUBAVG,2,Sat,5,0.775362466028331
HB_HUBAVG,2,Sat,6,0.858982535820053
HB_HUBAVG,2,Sat,7,0.97675911293828
HB_HUBAVG,2,Sat,8,1.06938142110245
HB_HUBAVG,2,Sat,9,1.21894207449596
HB_HUBAVG,2,Sat,10,1.33327375173159
HB_HUBAVG,2,Sat,11,1.24295887650765
HB_HUBAVG,2,Sat,12,1.08985582606506
HB_HUBAVG,2,Sat,13,1.03236499689228
HB_HUBAVG,2,Sat,14,1.04793204447496
HB_HUBAVG,2,Sat,15,1.01608297008868
HB_HUBAVG,2,Sat,16,1.0005484215615
HB_HUBAVG,2,Sat,17,0.993171135963861
HB_HUBAVG,2,Sat,18,1.15072655700944
HB_HUBAVG,2,Sat,19,1.5316154874249
HB_HUBAVG,2,Sat,20,1.08439598474169
HB_HUBAVG,2,Sat,21,1.01605047103319
HB_HUBAVG,2,Sat,22,0.927198053306576
HB_HUBAVG,2,Sat,23,0.8517352464444
HB_HUBAVG,2,Sat,24,0.771885067090238
HB_HUBAVG,2,Sun,1,0.753131726445453
HB_HUBAVG,2,Sun,2,0.687867357159602
HB_HUBAVG,2,Sun,3,0.640436459731901
HB_HUBAVG,2,Sun,4,0.659429277752914
HB_HUBAVG,2,Sun,5,0.694687040470558
HB_HUBAVG,2,Sun,6,0.746107452635168
HB_HUBAVG,2,Sun,7,0.917486094239499
HB_HUBAVG,2,Sun,8,0.997958357308782
HB_HUBAVG,2,Sun,9,1.16906421158067
HB_HUBAVG,2,Sun,10,1.2216780683247
HB_HUBAVG,2,Sun,11,1.14915073631268
HB_HUBAVG,2,Sun,12,1.09612769857
HB_HUBAVG,2,Sun,13,1.06915585107517
HB_HUBAVG,2,Sun,14,1.05036762355348
HB_HUBAVG,2,Sun,15,1.03400038360719
HB_HUBAVG,2,Sun,16,1.02325938239243
HB_HUBAVG,2,Sun,17,1.02356626814142
HB_HUBAVG,2,Sun,18,1.20200328197259
HB_HUBAVG,2,Sun,19,1.76844617778062
HB_HUBAVG,2,Sun,20,1.23071414871172
HB_HUBAVG,2,Sun,21,1.09595720648722
HB_HUBAVG,2,Sun,22,1.01248428276112
HB_HUBAVG,2,Sun,23,0.922396266223387
HB_HUBAVG,2,Sun,24,0.834524646761716
HB_HUBAVG,3,Tue,1,0.595027765154454
HB_HUBAVG,3,Tue,2,0.536460469292072
HB_HUBAVG,3,Tue,3,0.509437935735583
HB_HUBAVG,3,Tue,4,0.520632668669157
HB_HUBAVG,3,Tue,5,0.588621274426131
HB_HUBAVG,3,Tue,6,0.760820651511289
HB_HUBAVG,3,Tue,7,2.4003502510502
HB_HUBAVG,3,Tue,8,2.15712528125381
HB_HUBAVG,3,Tue,9,1.2546968000798
HB_HUBAVG,3,Tue,10,0.985712860642201
HB_HUBAVG,3,Tue,11,0.893295352523249
HB_HUBAVG,3,Tue,12,0.902140299930172
HB_HUBAVG,3,Tue,13,0.894581084226511
HB_HUBAVG,3,Tue,14,0.970084570111172
HB_HUBAVG,3,Tue,15,1.02186852284945
HB_HUBAVG,3,Tue,16,1.10641646623292
HB_HUBAVG,3,Tue,17,1.1740503873821
HB_HUBAVG,3,Tue,18,1.06722381707141
HB_HUBAVG,3,Tue,19,1.2378049456335
HB_HUBAVG,3,Tue,20,1.16043936555791
HB_HUBAVG,3,Tue,21,0.981057625164873
HB_HUBAVG,3,Tue,22,0.843218319459993
HB_HUBAVG,3,Tue,23,0.763702463949635
HB_HUBAVG,3,Tue,24,0.675230822092418
HB_HUBAVG,3,Wed,1,0.708628600685488
HB_HUBAVG,3,Wed,2,0.645415026594444
HB_HUBAVG,3,Wed,3,0.621256640458122
HB_HUBAVG,3,Wed,4,0.627544082206344
HB_HUBAVG,3,Wed,5,0.692949129769798
HB_HUBAVG,3,Wed,6,0.841004034006972
HB_HUBAVG,3,Wed,7,1.42860590328167
HB_HUBAVG,3,Wed,8,1.235077924492
HB_HUBAVG,3,Wed,9,1.02936639675453
HB_HUBAVG,3,Wed,10,1.04455017724194
HB_HUBAVG,3,Wed,11,1.034427656917
HB_HUBAVG,3,Wed,12,1.02211366311965
HB_HUBAVG,3,Wed,13,1.02610527551583
HB_HUBAVG,3,Wed,14,1.09158858998901
HB_HUBAVG,3,Wed,15,1.13129600219147
HB_HUBAVG,3,Wed,16,1.19630971520628
HB_HUBAVG,3,Wed,17,1.23820860088115
HB_HUBAVG,3,Wed,18,1.14053149753948
HB_HUBAVG,3,Wed,19,1.35453931770821
HB_HUBAVG,3,Wed,20,1.24047834126329
HB_HUBAVG,3,Wed,21,1.13406143300189
HB_HUBAVG,3,Wed,22,0.924567004627531
HB_HUBAVG,3,Wed,23,0.850291707294802
HB_HUBAVG,3,Wed,24,0.741083279253073
HB_HUBAVG,3,Thu,1,0.691581350304372
HB_HUBAVG,3,Thu,2,0.61253977587161
HB_HUBAVG,3,Thu,3,0.563433868289984
HB_HUBAVG,3,Thu,4,0.571293926397344
HB_HUBAVG,3,Thu,5,0.638558384061981
HB_HUBAVG,3,Thu,6,0.761725235196458
HB_HUBAVG,3,Thu,7,1.17802296624239
HB_HUBAVG,3,Thu,8,1.12367701992252
HB_HUBAVG,3,Thu,9,1.01885030437189
HB_HUBAVG,3,Thu,10,1.03573775594909
HB_HUBAVG,3,Thu,11,1.03018642778085
HB_HUBAVG,3,Thu,12,1.04149661040398
HB_HUBAVG,3,Thu,13,1.04204136690647
HB_HUBAVG,3,Thu,14,1.09083598505811
HB_HUBAVG,3,Thu,15,1.13986407028224
HB_HUBAVG,3,Thu,16,1.21605215827338
HB_HUBAVG,3,Thu,17,1.34557450193691
HB_HUBAVG,3,Thu,18,1.26601411178749
HB_HUBAVG,3,Thu,19,1.4509978555617
HB_HUBAVG,3,Thu,20,1.3687655644715
HB_HUBAVG,3,Thu,21,1.22653223574986
HB_HUBAVG,3,Thu,22,0.959757194244604
HB_HUBAVG,3,Thu,23,0.870987825124516
HB_HUBAVG,3,Thu,24,0.755473505810736
HB_HUBAVG,3,Fri,1,0.69196825658537
HB_HUBAVG,3,Fri,2,0.607906349116816
HB_HUBAVG,3,Fri,3,0.585387442346826
HB_HUBAVG,3,Fri,4,0.595358241529377
HB_HUBAVG,3,Fri,5,0.654376000659513
HB_HUBAVG,3,Fri,6,0.801777214684583
HB_HUBAVG,3,Fri,7,1.2321356514646
HB_HUBAVG,3,Fri,8,1.11706794288268
HB_HUBAVG,3,Fri,9,1.06109609368559
HB_HUBAVG,3,Fri,10,1.13940461572505
HB_HUBAVG,3,Fri,11,1.09913091772138
HB_HUBAVG,3,Fri,12,1.07671614462432
HB_HUBAVG,3,Fri,13,1.06947885435604
HB_HUBAVG,3,Fri,14,1.12547673697136
HB_HUBAVG,3,Fri,15,1.16923891301801
HB_HUBAVG,3,Fri,16,1.25100987968222
HB_HUBAVG,3,Fri,17,1.2862070611308
HB_HUBAVG,3,Fri,18,1.16942114694563
HB_HUBAVG,3,Fri,19,1.27597592776594
HB_HUBAVG,3,Fri,20,1.19915131056566
HB_HUBAVG,3,Fri,21,1.10863311537577
HB_HUBAVG,3,Fri,22,0.987395486673059
HB_HUBAVG,3,Fri,23,0.89651282362793
HB_HUBAVG,3,Fri,24,0.799173872861463
HB_HUBAVG,3,Sat,1,0.712390789593994
HB_HUBAVG,3,Sat,2,0.650744254531582
HB_HUBAVG,3,Sat,3,0.619668750768532
HB_HUBAVG,3,Sat,4,0.618735476710713
HB_HUBAVG,3,Sat,5,0.668552132499693
HB_HUBAVG,3,Sat,6,0.717082383506273
HB_HUBAVG,3,Sat,7,0.800850036101311
HB_HUBAVG,3,Sat,8,0.859293171019318
HB_HUBAVG,3,Sat,9,1.00586764534325
HB_HUBAVG,3,Sat,10,1.13470991256862
HB_HUBAVG,3,Sat,11,1.13965374271274
HB_HUBAVG,3,Sat,12,1.16500348401295
HB_HUBAVG,3,Sat,13,1.15034855894288
HB_HUBAVG,3,Sat,14,1.16863568575149
HB_HUBAVG,3,Sat,15,1.20369652197766
HB_HUBAVG,3,Sat,16,1.35042233804069
HB_HUBAVG,3,Sat,17,1.40220643643805
HB_HUBAVG,3,Sat,18,1.28557240283387
HB_HUBAVG,3,Sat,19,1.22753284588682
HB_HUBAVG,3,Sat,20,1.25361407225937
HB_HUBAVG,3,Sat,21,1.15680580647806
HB_HUBAVG,3,Sat,22,0.976759584188572
HB_HUBAVG,3,Sat,23,0.902148106809432
HB_HUBAVG,3,Sat,24,0.829705861024142
HB_HUBAVG,3,Sun,1,0.807277263550496
HB_HUBAVG,3,Sun,2,0.727665588711876
HB_HUBAVG,3,Sun,3,0.665401996704133
HB_HUBAVG,3,Sun,4,0.641274934291981
HB_HUBAVG,3,Sun,5,0.654226643248074
HB_HUBAVG,3,Sun,6,0.686936597569099
HB_HUBAVG,3,Sun,7,0.805127831000336
HB_HUBAVG,3,Sun,8,0.863741203233546
HB_HUBAVG,3,Sun,9,0.97887362880494
HB_HUBAVG,3,Sun,10,1.0798694018349
HB_HUBAVG,3,Sun,11,1.10662708140163
HB_HUBAVG,3,Sun,12,1.07300775177092
HB_HUBAVG,3,Sun,13,1.04895064130567
HB_HUBAVG,3,Sun,14,1.04867507303001
HB_HUBAVG,3,Sun,15,1.06782706818849
HB_HUBAVG,3,Sun,16,1.1638901690841
HB_HUBAVG,3,Sun,17,1.28891549575174
HB_HUBAVG,3,Sun,18,1.20434359195122
HB_HUBAVG,3,Sun,19,1.31189788994192
HB_HUBAVG,3,Sun,20,1.53993063805185
HB_HUBAVG,3,Sun,21,1.35505188191051
HB_HUBAVG,3,Sun,22,1.09337224734231
HB_HUBAVG,3,Sun,23,0.94641168593201
HB_HUBAVG,3,Sun,24,0.840703695388242
HB_HUBAVG,3,Mon,1,0.574719315664859
HB_HUBAVG,3,Mon,2,0.521732223325441
HB_HUBAVG,3,Mon,3,0.496998396089514
HB_HUBAVG,3,Mon,4,0.513202474604751
HB_HUBAVG,3,Mon,5,0.575868021079966
HB_HUBAVG,3,Mon,6,0.739204154891927
HB_HUBAVG,3,Mon,7,1.22652409684564
HB_HUBAVG,3,Mon,8,1.17884060184832
HB_HUBAVG,3,Mon,9,1.01010310853128
HB_HUBAVG,3,Mon,10,1.01310929504315
HB_HUBAVG,3,Mon,11,1.02361872756435
HB_HUBAVG,3,Mon,12,1.03522798441916
HB_HUBAVG,3,Mon,13,0.996269762468495
HB_HUBAVG,3,Mon,14,1.04700832505919
HB_HUBAVG,3,Mon,15,1.12365386084167
HB_HUBAVG,3,Mon,16,1.24021079966394
HB_HUBAVG,3,Mon,17,1.39174215229512
HB_HUBAVG,3,Mon,18,1.3640999007103
HB_HUBAVG,3,Mon,19,1.63712518139464
HB_HUBAVG,3,Mon,20,1.49141067746124
HB_HUBAVG,3,Mon,21,1.25035362407393
HB_HUBAVG,3,Mon,22,0.975641946078057
HB_HUBAVG,3,Mon,23,0.831613839456198
HB_HUBAVG,3,Mon,24,0.741721530588864
HB_HUBAVG,4,Fri,1,0.700212110845022
HB_HUBAVG,4,Fri,2,0.637454669859733
HB_HUBAVG,4,Fri,3,0.589695518303113
HB_HUBAVG,4,Fri,4,0.581594252480329
HB_HUBAVG,4,Fri,5,0.629134450906603
HB_HUBAVG,4,Fri,6,0.773643516934656
HB_HUBAVG,4,Fri,7,0.985781731098187
HB_HUBAVG,4,Fri,8,0.919767362299008
HB_HUBAVG,4,Fri,9,0.926746493328772
HB_HUBAVG,4,Fri,10,0.992541908997605
HB_HUBAVG,4,Fri,11,1.00362641122135
HB_HUBAVG,4,Fri,12,1.03455354088266
HB_HUBAVG,4,Fri,13,1.07774204584331
HB_HUBAVG,4,Fri,14,1.15932945603832
HB_HUBAVG,4,Fri,15,1.33284981183715
HB_HUBAVG,4,Fri,16,1.54159425248033
HB_HUBAVG,4,Fri,17,1.74015737256244
HB_HUBAVG,4,Fri,18,1.37672254533014
HB_HUBAVG,4,Fri,19,1.12123161135819
HB_HUBAVG,4,Fri,20,1.09197399931577
HB_HUBAVG,4,Fri,21,1.16915497776257
HB_HUBAVG,4,Fri,22,0.969278138898392
HB_HUBAVG,4,Fri,23,0.87614095107766
HB_HUBAVG,4,Fri,24,0.769072870338693
HB_HUBAVG,4,Sat,1,0.740214912230934
HB_HUBAVG,4,Sat,2,0.650864074254786
HB_HUBAVG,4,Sat,3,0.584198164054965
HB_HUBAVG,4,Sat,4,0.558408696342861
HB_HUBAVG,4,Sat,5,0.570881321698873
HB_HUBAVG,4,Sat,6,0.644654994383234
HB_HUBAVG,4,Sat,7,0.793809075332751
HB_HUBAVG,4,Sat,8,0.821722701948281
HB_HUBAVG,4,Sat,9,0.939150563378684
HB_HUBAVG,4,Sat,10,1.0472375721953
HB_HUBAVG,4,Sat,11,1.09985135426477
HB_HUBAVG,4,Sat,12,1.16885928581965
HB_HUBAVG,4,Sat,13,1.16970350281973
HB_HUBAVG,4,Sat,14,1.22809063985748
HB_HUBAVG,4,Sat,15,1.31030648254264
HB_HUBAVG,4,Sat,16,1.4265088676826
HB_HUBAVG,4,Sat,17,1.53358826266042
HB_HUBAVG,4,Sat,18,1.29938612715451
HB_HUBAVG,4,Sat,19,1.12790114491257
HB_HUBAVG,4,Sat,20,1.14704580784986
HB_HUBAVG,4,Sat,21,1.30336211689682
HB_HUBAVG,4,Sat,22,1.06752601300367
HB_HUBAVG,4,Sat,23,0.928638700087372
HB_HUBAVG,4,Sat,24,0.83808961862724
HB_HUBAVG,4,Sun,1,0.795731191408233
HB_HUBAVG,4,Sun,2,0.721573051453583
HB_HUBAVG,4,Sun,3,0.668560405220943
HB_HUBAVG,4,Sun,4,0.641729183353452
HB_HUBAVG,4,Sun,5,0.647360761707072
HB_HUBAVG,4,Sun,6,0.691465767178457
HB_HUBAVG,4,Sun,7,0.777915909885722
HB_HUBAVG,4,Sun,8,0.834258768317859
HB_HUBAVG,4,Sun,9,0.956339474070147
HB_HUBAVG,4,Sun,10,1.02061527701003
HB_HUBAVG,4,Sun,11,1.03667069029703
HB_HUBAVG,4,Sun,12,1.06298748914184
HB_HUBAVG,4,Sun,13,1.04403506199023
HB_HUBAVG,4,Sun,14,1.09945737396072
HB_HUBAVG,4,Sun,15,1.16297507981454
HB_HUBAVG,4,Sun,16,1.23718736956105
HB_HUBAVG,4,Sun,17,1.32648037634105
HB_HUBAVG,4,Sun,18,1.24257527385129
HB_HUBAVG,4,Sun,19,1.18888575522038
HB_HUBAVG,4,Sun,20,1.34957526257008
HB_HUBAVG,4,Sun,21,1.63654208454136
HB_HUBAVG,4,Sun,22,1.10487235314689
HB_HUBAVG,4,Sun,23,0.940175761199418
HB_HUBAVG,4,Sun,24,0.812030278758616
HB_HUBAVG,4,Mon,1,0.614457483147193
HB_HUBAVG,4,Mon,2,0.551111350863977
HB_HUBAVG,4,Mon,3,0.510745530803213
HB_HUBAVG,4,Mon,4,0.510583697618548
HB_HUBAVG,4,Mon,5,0.573028187872915
HB_HUBAVG,4,Mon,6,0.73095425707972
HB_HUBAVG,4,Mon,7,1.11694952153248
HB_HUBAVG,4,Mon,8,1.02216151337147
HB_HUBAVG,4,Mon,9,0.974998699554766
HB_HUBAVG,4,Mon,10,0.987760402116932
HB_HUBAVG,4,Mon,11,0.952966267413925
HB_HUBAVG,4,Mon,12,0.980477908807
HB_HUBAVG,4,Mon,13,1.02498203458992
HB_HUBAVG,4,Mon,14,1.13912066783161
HB_HUBAVG,4,Mon,15,1.29596014279852
HB_HUBAVG,4,Mon,16,1.60293457508193
HB_HUBAVG,4,Mon,17,1.92482077938091
HB_HUBAVG,4,Mon,18,1.55660404621493
HB_HUBAVG,4,Mon,19,1.15604379514231
HB_HUBAVG,4,Mon,20,1.13294788778795
HB_HUBAVG,4,Mon,21,1.20126461074303
HB_HUBAVG,4,Mon,22,0.926217553891414
HB_HUBAVG,4,Mon,23,0.812240753834387
HB_HUBAVG,4,Mon,24,0.700668332520956
HB_HUBAVG,4,Tue,1,0.674497799373732
HB_HUBAVG,4,Tue,2,0.57250370112922
HB_HUBAVG,4,Tue,3,0.529139499988303
HB_HUBAVG,4,Tue,4,0.522589420284527
HB_HUBAVG,4,Tue,5,0.596351338254805
HB_HUBAVG,4,Tue,6,0.749462793207968
HB_HUBAVG,4,Tue,7,1.02157181861626
HB_HUBAVG,4,Tue,8,0.982699100700792
HB_HUBAVG,4,Tue,9,0.954199570234566
HB_HUBAVG,4,Tue,10,0.986228123235071
HB_HUBAVG,4,Tue,11,1.00031747835299
HB_HUBAVG,4,Tue,12,1.03584831886857
HB_HUBAVG,4,Tue,13,1.05616693345988
HB_HUBAVG,4,Tue,14,1.16802625378885
HB_HUBAVG,4,Tue,15,1.30806428435366
HB_HUBAVG,4,Tue,16,1.66521740583425
HB_HUBAVG,4,Tue,17,1.78528437705734
HB_HUBAVG,4,Tue,18,1.47702960569189
HB_HUBAVG,4,Tue,19,1.15145054188542
HB_HUBAVG,4,Tue,20,1.0819929620062
HB_HUBAVG,4,Tue,21,1.18746261274659
HB_HUBAVG,4,Tue,22,0.948611951221958
HB_HUBAVG,4,Tue,23,0.833250343377903
HB_HUBAVG,4,Tue,24,0.712033766329249
HB_HUBAVG,4,Wed,1,0.619118281703988
HB_HUBAVG,4,Wed,2,0.563398744094915
HB_HUBAVG,4,Wed,3,0.518119696385754
HB_HUBAVG,4,Wed,4,0.526372391319901
HB_HUBAVG,4,Wed,5,0.566860444990111
HB_HUBAVG,4,Wed,6,0.688656929286682
HB_HUBAVG,4,Wed,7,0.946512105568031
HB_HUBAVG,4,Wed,8,0.889103257922103
HB_HUBAVG,4,Wed,9,0.879438189022716
HB_HUBAVG,4,Wed,10,0.915135248653975
HB_HUBAVG,4,Wed,11,0.927098886947772
HB_HUBAVG,4,Wed,12,0.992483493456231
HB_HUBAVG,4,Wed,13,1.03729174984365
HB_HUBAVG,4,Wed,14,1.13599176576747
HB_HUBAVG,4,Wed,15,1.25213875420308
HB_HUBAVG,4,Wed,16,1.50096581454976
HB_HUBAVG,4,Wed,17,1.75519312829294
HB_HUBAVG,4,Wed,18,1.55690690101612
HB_HUBAVG,4,Wed,19,1.228128396794
HB_HUBAVG,4,Wed,20,1.26052991717304
HB_HUBAVG,4,Wed,21,1.51871741674032
HB_HUBAVG,4,Wed,22,1.03164225398269
HB_HUBAVG,4,Wed,23,0.920258565978865
HB_HUBAVG,4,Wed,24,0.769937666305881
HB_HUBAVG,4,Thu,1,0.672224379958941
HB_HUBAVG,4,Thu,2,0.592076790767353
HB_HUBAVG,4,Thu,3,0.518365421960828
HB_HUBAVG,4,Thu,4,0.50027742329246
HB_HUBAVG,4,Thu,5,0.551351051434278
HB_HUBAVG,4,Thu,6,0.697608611218998
HB_HUBAVG,4,Thu,7,0.925067968706653
HB_HUBAVG,4,Thu,8,0.896576596571048
HB_HUBAVG,4,Thu,9,0.905315430283527
HB_HUBAVG,4,Thu,10,0.913804583032791
HB_HUBAVG,4,Thu,11,0.964267879931199
HB_HUBAVG,4,Thu,12,0.980580369527826
HB_HUBAVG,4,Thu,13,1.02591133551573
HB_HUBAVG,4,Thu,14,1.14450979304222
HB_HUBAVG,4,Thu,15,1.29035121788825
HB_HUBAVG,4,Thu,16,1.58275536814071
HB_HUBAVG,4,Thu,17,1.93574876546635
HB_HUBAVG,4,Thu,18,1.55787049880708
HB_HUBAVG,4,Thu,19,1.19841313876713
HB_HUBAVG,4,Thu,20,1.18154580258559
HB_HUBAVG,4,Thu,21,1.30094878766021
HB_HUBAVG,4,Thu,22,0.987793375131776
HB_HUBAVG,4,Thu,23,0.90426122177218
HB_HUBAVG,4,Thu,24,0.77237418853687
HB_HUBAVG,5,Sun,1,0.716595453768587
HB_HUBAVG,5,Sun,2,0.644018116561272
HB_HUBAVG,5,Sun,3,0.579926508289181
HB_HUBAVG,5,Sun,4,0.535139292428645
HB_HUBAVG,5,Sun,5,0.541497179969236
HB_HUBAVG,5,Sun,6,0.571338232780721
HB_HUBAVG,5,Sun,7,0.67621774055717
HB_HUBAVG,5,Sun,8,0.705238420782772
HB_HUBAVG,5,Sun,9,0.785532387626047
HB_HUBAVG,5,Sun,10,0.858032814903435
HB_HUBAVG,5,Sun,11,0.922175696462143
HB_HUBAVG,5,Sun,12,0.982114168518202
HB_HUBAVG,5,Sun,13,1.10501623654076
HB_HUBAVG,5,Sun,14,1.30287984959836
HB_HUBAVG,5,Sun,15,1.51322850794736
HB_HUBAVG,5,Sun,16,1.8684754742779
HB_HUBAVG,5,Sun,17,1.97353443855751
HB_HUBAVG,5,Sun,18,1.59193300290549
HB_HUBAVG,5,Sun,19,1.25209365920356
HB_HUBAVG,5,Sun,20,1.12516663818151
HB_HUBAVG,5,Sun,21,1.13162707229533
HB_HUBAVG,5,Sun,22,0.987523500256366
HB_HUBAVG,5,Sun,23,0.859494103572039
HB_HUBAVG,5,Sun,24,0.771201504016408
HB_HUBAVG,5,Mon,1,0.663716549439724
HB_HUBAVG,5,Mon,2,0.587114542057119
HB_HUBAVG,5,Mon,3,0.523865836804939
HB_HUBAVG,5,Mon,4,0.523267570580458
HB_HUBAVG,5,Mon,5,0.590752000701966
HB_HUBAVG,5,Mon,6,0.678314245317071
HB_HUBAVG,5,Mon,7,0.795646217262374
HB_HUBAVG,5,Mon,8,0.796459859327668
HB_HUBAVG,5,Mon,9,0.834078839523062
HB_HUBAVG,5,Mon,10,0.864183595938969
HB_HUBAVG,5,Mon,11,0.930016811280908
HB_HUBAVG,5,Mon,12,1.0045607828513
HB_HUBAVG,5,Mon,13,1.10162349511117
HB_HUBAVG,5,Mon,14,1.31149528665926
HB_HUBAVG,5,Mon,15,1.49439723680773
HB_HUBAVG,5,Mon,16,1.87376981507591
HB_HUBAVG,5,Mon,17,1.96863090762969
HB_HUBAVG,5,Mon,18,1.55819634698643
HB_HUBAVG,5,Mon,19,1.16963439951022
HB_HUBAVG,5,Mon,20,1.0542886714302
HB_HUBAVG,5,Mon,21,1.11547934087016
HB_HUBAVG,5,Mon,22,0.946457167129658
HB_HUBAVG,5,Mon,23,0.85834451758803
HB_HUBAVG,5,Mon,24,0.755705964115992
HB_HUBAVG,5,Tue,1,0.620957999669079
HB_HUBAVG,5,Tue,2,0.575461644252376
HB_HUBAVG,5,Tue,3,0.530499033033428
HB_HUBAVG,5,Tue,4,0.523517658926783
HB_HUBAVG,5,Tue,5,0.564210316563684
HB_HUBAVG,5,Tue,6,0.654925480414257
HB_HUBAVG,5,Tue,7,0.793336025776287
HB_HUBAVG,5,Tue,8,0.780825061780891
HB_HUBAVG,5,Tue,9,0.806402083737348
HB_HUBAVG,5,Tue,10,0.844639518064572
HB_HUBAVG,5,Tue,11,0.896156508031961
HB_HUBAVG,5,Tue,12,0.977819370288595
HB_HUBAVG,5,Tue,13,1.092595722574
HB_HUBAVG,5,Tue,14,1.29840748522863
HB_HUBAVG,5,Tue,15,1.61897425040075
HB_HUBAVG,5,Tue,16,1.97636936521803
HB_HUBAVG,5,Tue,17,2.18549034189874
HB_HUBAVG,5,Tue,18,1.52505662136365
HB_HUBAVG,5,Tue,19,1.11887728687149
HB_HUBAVG,5,Tue,20,1.05341889845872
HB_HUBAVG,5,Tue,21,1.08753582757927
HB_HUBAVG,5,Tue,22,0.922929116991391
HB_HUBAVG,5,Tue,23,0.824656135300596
HB_HUBAVG,5,Tue,24,0.726938247575467
HB_HUBAVG,5,Wed,1,0.570179436513196
HB_HUBAVG,5,Wed,2,0.529293202899532
HB_HUBAVG,5,Wed,3,0.497647002429465
HB_HUBAVG,5,Wed,4,0.491073065805562
HB_HUBAVG,5,Wed,5,0.532032343159492
HB_HUBAVG,5,Wed,6,0.596329095528278
HB_HUBAVG,5,Wed,7,0.709163413303548
HB_HUBAVG,5,Wed,8,0.704598179536948
HB_HUBAVG,5,Wed,9,0.726164343850364
HB_HUBAVG,5,Wed,10,0.764786221515795
HB_HUBAVG,5,Wed,11,0.80333505544096
HB_HUBAVG,5,Wed,12,0.896319736799056
HB_HUBAVG,5,Wed,13,1.00913579363926
HB_HUBAVG,5,Wed,14,1.2437157655022
HB_HUBAVG,5,Wed,15,1.6759155766537
HB_HUBAVG,5,Wed,16,2.27598816387059
HB_HUBAVG,5,Wed,17,2.77785344230039
HB_HUBAVG,5,Wed,18,2.00271327060195
HB_HUBAVG,5,Wed,19,1.06512382055283
HB_HUBAVG,5,Wed,20,0.941698160439054
HB_HUBAVG,5,Wed,21,0.9679756459996
HB_HUBAVG,5,Wed,22,0.816482928688766
HB_HUBAVG,5,Wed,23,0.742014835487997
HB_HUBAVG,5,Wed,24,0.660461499481466
HB_HUBAVG,5,Thu,1,0.633285086776336
HB_HUBAVG,5,Thu,2,0.568430199765934
HB_HUBAVG,5,Thu,3,0.534232416468838
HB_HUBAVG,5,Thu,4,0.520285593230249
HB_HUBAVG,5,Thu,5,0.566141711742264
HB_HUBAVG,5,Thu,6,0.656796062793089
HB_HUBAVG,5,Thu,7,0.786570605342864
HB_HUBAVG,5,Thu,8,0.759907560916151
HB_HUBAVG,5,Thu,9,0.780201699993973
HB_HUBAVG,5,Thu,10,0.808397599606351
HB_HUBAVG,5,Thu,11,0.863731512857902
HB_HUBAVG,5,Thu,12,0.928348915262074
HB_HUBAVG,5,Thu,13,1.06455713168971
HB_HUBAVG,5,Thu,14,1.23835268443064
HB_HUBAVG,5,Thu,15,1.59660900768317
HB_HUBAVG,5,Thu,16,2.09457104792781
HB_HUBAVG,5,Thu,17,2.39729915234188
HB_HUBAVG,5,Thu,18,1.54326132932008
HB_HUBAVG,5,Thu,19,1.11557314300981
HB_HUBAVG,5,Thu,20,1.01762153769483
HB_HUBAVG,5,Thu,21,1.06602521834641
HB_HUBAVG,5,Thu,22,0.900455268784898
HB_HUBAVG,5,Thu,23,0.82651119820879
HB_HUBAVG,5,Thu,24,0.73283431580595
HB_HUBAVG,5,Fri,1,0.664510073929332
HB_HUBAVG,5,Fri,2,0.605220441729685
HB_HUBAVG,5,Fri,3,0.567832662763772
HB_HUBAVG,5,Fri,4,0.566540245713099
HB_HUBAVG,5,Fri,5,0.60018924678242
HB_HUBAVG,5,Fri,6,0.68585803414135
HB_HUBAVG,5,Fri,7,0.774042418973913
HB_HUBAVG,5,Fri,8,0.762618375400996
HB_HUBAVG,5,Fri,9,0.787451245874651
HB_HUBAVG,5,Fri,10,0.819369331251106
HB_HUBAVG,5,Fri,11,0.884751786689643
HB_HUBAVG,5,Fri,12,0.956896352768311
HB_HUBAVG,5,Fri,13,1.06386694258745
HB_HUBAVG,5,Fri,14,1.25604474224742
HB_HUBAVG,5,Fri,15,1.48325627553101
HB_HUBAVG,5,Fri,16,1.99701513204964
HB_HUBAVG,5,Fri,17,2.2113486525783
HB_HUBAVG,5,Fri,18,1.59218856980206
HB_HUBAVG,5,Fri,19,1.12673380055235
HB_HUBAVG,5,Fri,20,1.04339597965982
HB_HUBAVG,5,Fri,21,1.04828870135165
HB_HUBAVG,5,Fri,22,0.912307964520075
HB_HUBAVG,5,Fri,23,0.846002354045342
HB_HUBAVG,5,Fri,24,0.744270669056613
HB_HUBAVG,5,Sat,1,0.683616537192285
HB_HUBAVG,5,Sat,2,0.61312234816652
HB_HUBAVG,5,Sat,3,0.572144218746797
HB_HUBAVG,5,Sat,4,0.548383790763933
HB_HUBAVG,5,Sat,5,0.568676081743087
HB_HUBAVG,5,Sat,6,0.592780863754689
HB_HUBAVG,5,Sat,7,0.690700391497735
HB_HUBAVG,5,Sat,8,0.713796708139464
HB_HUBAVG,5,Sat,9,0.772878020784225
HB_HUBAVG,5,Sat,10,0.844208498165495
HB_HUBAVG,5,Sat,11,0.914333736446184
HB_HUBAVG,5,Sat,12,0.981261401602886
HB_HUBAVG,5,Sat,13,1.10026031524791
HB_HUBAVG,5,Sat,14,1.28210383913748
HB_HUBAVG,5,Sat,15,1.49422592083957
HB_HUBAVG,5,Sat,16,2.01070777051264
HB_HUBAVG,5,Sat,17,2.31152561133089
HB_HUBAVG,5,Sat,18,1.60240227929571
HB_HUBAVG,5,Sat,19,1.13986102855269
HB_HUBAVG,5,Sat,20,1.04137577633386
HB_HUBAVG,5,Sat,21,1.05222292823908
HB_HUBAVG,5,Sat,22,0.924098632832517
HB_HUBAVG,5,Sat,23,0.817988398548794
HB_HUBAVG,5,Sat,24,0.727324902125566
HB_HUBAVG,6,Wed,1,0.673831308308658
HB_HUBAVG,6,Wed,2,0.624784575032651
HB_HUBAVG,6,Wed,3,0.599851046452639
HB_HUBAVG,6,Wed,4,0.58497727918716
HB_HUBAVG,6,Wed,5,0.597023087799841
HB_HUBAVG,6,Wed,6,0.642486300950928
HB_HUBAVG,6,Wed,7,0.690173023577116
HB_HUBAVG,6,Wed,8,0.709968734146701
HB_HUBAVG,6,Wed,9,0.765426946200425
HB_HUBAVG,6,Wed,10,0.812250170001331
HB_HUBAVG,6,Wed,11,0.913516994736255
HB_HUBAVG,6,Wed,12,1.02883726285264
HB_HUBAVG,6,Wed,13,1.14944646127388
HB_HUBAVG,6,Wed,14,1.40698498591418
HB_HUBAVG,6,Wed,15,1.58447716945085
HB_HUBAVG,6,Wed,16,1.99710008311176
HB_HUBAVG,6,Wed,17,2.11589593399991
HB_HUBAVG,6,Wed,18,1.43405567408676
HB_HUBAVG,6,Wed,19,1.17725112344795
HB_HUBAVG,6,Wed,20,1.04047290952331
HB_HUBAVG,6,Wed,21,0.976034309686658
HB_HUBAVG,6,Wed,22,0.887029168270736
HB_HUBAVG,6,Wed,23,0.831678893570172
HB_HUBAVG,6,Wed,24,0.756446558417494
HB_HUBAVG,6,Thu,1,0.68404383407177
HB_HUBAVG,6,Thu,2,0.62282693421323
HB_HUBAVG,6,Thu,3,0.592320376593978
HB_HUBAVG,6,Thu,4,0.571697373046427
HB_HUBAVG,6,Thu,5,0.588937551901396
HB_HUBAVG,6,Thu,6,0.63682693760964
HB_HUBAVG,6,Thu,7,0.693377169669376
HB_HUBAVG,6,Thu,8,0.718564948705713
HB_HUBAVG,6,Thu,9,0.753901201819797
HB_HUBAVG,6,Thu,10,0.802300049078129
HB_HUBAVG,6,Thu,11,0.894329183485974
HB_HUBAVG,6,Thu,12,1.01103663538007
HB_HUBAVG,6,Thu,13,1.15028266625004
HB_HUBAVG,6,Thu,14,1.39146176406156
HB_HUBAVG,6,Thu,15,1.67144145352777
HB_HUBAVG,6,Thu,16,2.09396848470851
HB_HUBAVG,6,Thu,17,2.11208493742963
HB_HUBAVG,6,Thu,18,1.39837006268075
HB_HUBAVG,6,Thu,19,1.13801483212393
HB_HUBAVG,6,Thu,20,1.02986633427131
HB_HUBAVG,6,Thu,21,0.97800314847238
HB_HUBAVG,6,Thu,22,0.892535878829665
HB_HUBAVG,6,Thu,23,0.83419234211362
HB_HUBAVG,6,Thu,24,0.739615899955337
HB_HUBAVG,6,Fri,1,0.65699878409385
HB_HUBAVG,6,Fri,2,0.608941778818266
HB_HUBAVG,6,Fri,3,0.579640188319811
HB_HUBAVG,6,Fri,4,0.564919484708794
HB_HUBAVG,6,Fri,5,0.572090085246589
HB_HUBAVG,6,Fri,6,0.605566203634735
HB_HUBAVG,6,Fri,7,0.655440826316836
HB_HUBAVG,6,Fri,8,0.668623545968493
HB_HUBAVG,6,Fri,9,0.710948065577372
HB_HUBAVG,6,Fri,10,0.773086612299045
HB_HUBAVG,6,Fri,11,0.883002530849145
HB_HUBAVG,6,Fri,12,0.997352636918439
HB_HUBAVG,6,Fri,13,1.1703258978023
HB_HUBAVG,6,Fri,14,1.42163647152524
HB_HUBAVG,6,Fri,15,1.78545956009331
HB_HUBAVG,6,Fri,16,2.29593041787723
HB_HUBAVG,6,Fri,17,2.18729282365699
HB_HUBAVG,6,Fri,18,1.42585094705024
HB_HUBAVG,6,Fri,19,1.1433013225164
HB_HUBAVG,6,Fri,20,1.00080810737259
HB_HUBAVG,6,Fri,21,0.920073936415016
HB_HUBAVG,6,Fri,22,0.831949452925457
HB_HUBAVG,6,Fri,23,0.808659981540864
HB_HUBAVG,6,Fri,24,0.732100338472985
HB_HUBAVG,6,Sat,1,0.725822138900244
HB_HUBAVG,6,Sat,2,0.667021411555756
HB_HUBAVG,6,Sat,3,0.635030940332379
HB_HUBAVG,6,Sat,4,0.610800219894845
HB_HUBAVG,6,Sat,5,0.602237007174774
HB_HUBAVG,6,Sat,6,0.608981858675275
HB_HUBAVG,6,Sat,7,0.612068844001522
HB_HUBAVG,6,Sat,8,0.651988215891631
HB_HUBAVG,6,Sat,9,0.727746218795371
HB_HUBAVG,6,Sat,10,0.808578718125819
HB_HUBAVG,6,Sat,11,0.920873095301862
HB_HUBAVG,6,Sat,12,1.03145482993389
HB_HUBAVG,6,Sat,13,1.20223277842775
HB_HUBAVG,6,Sat,14,1.37508281296252
HB_HUBAVG,6,Sat,15,1.62252794496991
HB_HUBAVG,6,Sat,16,1.96131401265805
HB_HUBAVG,6,Sat,17,2.03857322075469
HB_HUBAVG,6,Sat,18,1.46898214059174
HB_HUBAVG,6,Sat,19,1.15812694698561
HB_HUBAVG,6,Sat,20,1.02627461483163
HB_HUBAVG,6,Sat,21,0.980117841083687
HB_HUBAVG,6,Sat,22,0.909941784249327
HB_HUBAVG,6,Sat,23,0.865476509310291
HB_HUBAVG,6,Sat,24,0.788745894591433
HB_HUBAVG,6,Sun,1,0.733708123759147
HB_HUBAVG,6,Sun,2,0.687044901319088
HB_HUBAVG,6,Sun,3,0.652551703984957
HB_HUBAVG,6,Sun,4,0.629609716920861
HB_HUBAVG,6,Sun,5,0.61592703332719
HB_HUBAVG,6,Sun,6,0.620235818110457
HB_HUBAVG,6,Sun,7,0.617072986726995
HB_HUBAVG,6,Sun,8,0.649228439125523
HB_HUBAVG,6,Sun,9,0.714341511302443
HB_HUBAVG,6,Sun,10,0.788965996697744
HB_HUBAVG,6,Sun,11,0.879542153418331
HB_HUBAVG,6,Sun,12,0.991249690831322
HB_HUBAVG,6,Sun,13,1.14723686761278
HB_HUBAVG,6,Sun,14,1.36563266654761
HB_HUBAVG,6,Sun,15,1.60367010675511
HB_HUBAVG,6,Sun,16,1.91014388399896
HB_HUBAVG,6,Sun,17,2.00544136872674
HB_HUBAVG,6,Sun,18,1.47905913406031
HB_HUBAVG,6,Sun,19,1.18695561245002
HB_HUBAVG,6,Sun,20,1.06530119952672
HB_HUBAVG,6,Sun,21,1.04634713029395
HB_HUBAVG,6,Sun,22,0.936404361116655
HB_HUBAVG,6,Sun,23,0.876631431782827
HB_HUBAVG,6,Sun,24,0.797698161604258
HB_HUBAVG,6,Mon,1,0.679696146157931
HB_HUBAVG,6,Mon,2,0.640735441448844
HB_HUBAVG,6,Mon,3,0.608775309635225
HB_HUBAVG,6,Mon,4,0.603604951875828
HB_HUBAVG,6,Mon,5,0.611886675366544
HB_HUBAVG,6,Mon,6,0.656040615524228
HB_HUBAVG,6,Mon,7,0.696648513855777
HB_HUBAVG,6,Mon,8,0.716963901866152
HB_HUBAVG,6,Mon,9,0.765624746796409
HB_HUBAVG,6,Mon,10,0.814766023199883
HB_HUBAVG,6,Mon,11,0.907603685977025
HB_HUBAVG,6,Mon,12,1.03617629928593
HB_HUBAVG,6,Mon,13,1.19481019620478
HB_HUBAVG,6,Mon,14,1.39414350221199
HB_HUBAVG,6,Mon,15,1.57748530346778
HB_HUBAVG,6,Mon,16,1.95718631113467
HB_HUBAVG,6,Mon,17,2.0263226878997
HB_HUBAVG,6,Mon,18,1.38247588071954
HB_HUBAVG,6,Mon,19,1.17300775839635
HB_HUBAVG,6,Mon,20,1.05196190483453
HB_HUBAVG,6,Mon,21,1.00787659774445
HB_HUBAVG,6,Mon,22,0.902433328217628
HB_HUBAVG,6,Mon,23,0.836499827940713
HB_HUBAVG,6,Mon,24,0.75727439023809
HB_HUBAVG,6,Tue,1,0.696084634854003
HB_HUBAVG,6,Tue,2,0.650086425087968
HB_HUBAVG,6,Tue,3,0.621658744366936
HB_HUBAVG,6,Tue,4,0.610014507068338
HB_HUBAVG,6,Tue,5,0.62189024013828
HB_HUBAVG,6,Tue,6,0.662517748009136
HB_HUBAVG,6,Tue,7,0.698515340453114
HB_HUBAVG,6,Tue,8,0.721201926044818
HB_HUBAVG,6,Tue,9,0.763635100932156
HB_HUBAVG,6,Tue,10,0.82375455275017
HB_HUBAVG,6,Tue,11,0.924570961170442
HB_HUBAVG,6,Tue,12,1.03772609420335
HB_HUBAVG,6,Tue,13,1.18109142539663
HB_HUBAVG,6,Tue,14,1.428514105809
HB_HUBAVG,6,Tue,15,1.62236866473239
HB_HUBAVG,6,Tue,16,1.96051453793444
HB_HUBAVG,6,Tue,17,1.93002654484845
HB_HUBAVG,6,Tue,18,1.36311655040435
HB_HUBAVG,6,Tue,19,1.15409901845793
HB_HUBAVG,6,Tue,20,1.03302673004506
HB_HUBAVG,6,Tue,21,0.979041916167665
HB_HUBAVG,6,Tue,22,0.904014136675104
HB_HUBAVG,6,Tue,23,0.843385394160133
HB_HUBAVG,6,Tue,24,0.769144700290141
HB_HUBAVG,7,Fri,1,0.502502781599097
HB_HUBAVG,7,Fri,2,0.470654458318099
HB_HUBAVG,7,Fri,3,0.453625548099964
HB_HUBAVG,7,Fri,4,0.440147615452802
HB_HUBAVG,7,Fri,5,0.438664095934262
HB_HUBAVG,7,Fri,6,0.46383658138183
HB_HUBAVG,7,Fri,7,0.486862698164276
HB_HUBAVG,7,Fri,8,0.5027552955597
HB_HUBAVG,7,Fri,9,0.543867724770304
HB_HUBAVG,7,Fri,10,0.604581550172683
HB_HUBAVG,7,Fri,11,0.712373447104901
HB_HUBAVG,7,Fri,12,0.85253447736186
HB_HUBAVG,7,Fri,13,1.00686785365764
HB_HUBAVG,7,Fri,14,1.33991798556988
HB_HUBAVG,7,Fri,15,1.8247447899268
HB_HUBAVG,7,Fri,16,3.18271752367976
HB_HUBAVG,7,Fri,17,3.85312630695702
HB_HUBAVG,7,Fri,18,1.76889185826602
HB_HUBAVG,7,Fri,19,0.988386988166038
HB_HUBAVG,7,Fri,20,0.871346767426751
HB_HUBAVG,7,Fri,21,0.781483361697315
HB_HUBAVG,7,Fri,22,0.702083503210347
HB_HUBAVG,7,Fri,23,0.634993700302754
HB_HUBAVG,7,Fri,24,0.5730330872199
HB_HUBAVG,7,Sat,1,0.484787172047159
HB_HUBAVG,7,Sat,2,0.442908382122375
HB_HUBAVG,7,Sat,3,0.423662468198806
HB_HUBAVG,7,Sat,4,0.401534315958181
HB_HUBAVG,7,Sat,5,0.392064104344996
HB_HUBAVG,7,Sat,6,0.397323857218518
HB_HUBAVG,7,Sat,7,0.410659190261488
HB_HUBAVG,7,Sat,8,0.431472404283732
HB_HUBAVG,7,Sat,9,0.476711591877711
HB_HUBAVG,7,Sat,10,0.526294060253613
HB_HUBAVG,7,Sat,11,0.617728754145847
HB_HUBAVG,7,Sat,12,0.737786598145251
HB_HUBAVG,7,Sat,13,0.905129089189448
HB_HUBAVG,7,Sat,14,1.13658478003286
HB_HUBAVG,7,Sat,15,1.92388743553288
HB_HUBAVG,7,Sat,16,3.65543527166812
HB_HUBAVG,7,Sat,17,3.98610902808024
HB_HUBAVG,7,Sat,18,2.43588984403925
HB_HUBAVG,7,Sat,19,1.01433537233616
HB_HUBAVG,7,Sat,20,0.769863121351199
HB_HUBAVG,7,Sat,21,0.70467406300967
HB_HUBAVG,7,Sat,22,0.642566476048589
HB_HUBAVG,7,Sat,23,0.567814230664293
HB_HUBAVG,7,Sat,24,0.514778389189614
HB_HUBAVG,7,Sun,1,0.490007409062199
HB_HUBAVG,7,Sun,2,0.450560983332021
HB_HUBAVG,7,Sun,3,0.430246331228474
HB_HUBAVG,7,Sun,4,0.404891588223288
HB_HUBAVG,7,Sun,5,0.394759976921012
HB_HUBAVG,7,Sun,6,0.392625652712665
HB_HUBAVG,7,Sun,7,0.402037251028992
HB_HUBAVG,7,Sun,8,0.422004754014314
HB_HUBAVG,7,Sun,9,0.470361340445605
HB_HUBAVG,7,Sun,10,0.523938021025022
HB_HUBAVG,7,Sun,11,0.600555117154792
HB_HUBAVG,7,Sun,12,0.704159842882881
HB_HUBAVG,7,Sun,13,0.849641038168724
HB_HUBAVG,7,Sun,14,1.05388043605786
HB_HUBAVG,7,Sun,15,1.60622039790361
HB_HUBAVG,7,Sun,16,3.38836825449888
HB_HUBAVG,7,Sun,17,4.06469188105
HB_HUBAVG,7,Sun,18,2.79308466099121
HB_HUBAVG,7,Sun,19,1.20374599613314
HB_HUBAVG,7,Sun,20,0.818166184782976
HB_HUBAVG,7,Sun,21,0.740301923302545
HB_HUBAVG,7,Sun,22,0.682328020558942
HB_HUBAVG,7,Sun,23,0.587762029279457
HB_HUBAVG,7,Sun,24,0.525660909241399
HB_HUBAVG,7,Mon,1,0.433898832312404
HB_HUBAVG,7,Mon,2,0.404694678407351
HB_HUBAVG,7,Mon,3,0.386138495405819
HB_HUBAVG,7,Mon,4,0.368587289433384
HB_HUBAVG,7,Mon,5,0.372535413476263
HB_HUBAVG,7,Mon,6,0.394884188361409
HB_HUBAVG,7,Mon,7,0.406764452526799
HB_HUBAVG,7,Mon,8,0.422879977029097
HB_HUBAVG,7,Mon,9,0.461942477029097
HB_HUBAVG,7,Mon,10,0.504055800153139
HB_HUBAVG,7,Mon,11,0.590459896630934
HB_HUBAVG,7,Mon,12,0.705362270290965
HB_HUBAVG,7,Mon,13,0.851658212098009
HB_HUBAVG,7,Mon,14,1.14106766845329
HB_HUBAVG,7,Mon,15,2.0968367151608
HB_HUBAVG,7,Mon,16,3.84402517228178
HB_HUBAVG,7,Mon,17,4.18919888973966
HB_HUBAVG,7,Mon,18,2.47543788284839
HB_HUBAVG,7,Mon,19,0.921743395865237
HB_HUBAVG,7,Mon,20,0.736337098009189
HB_HUBAVG,7,Mon,21,0.680465160796325
HB_HUBAVG,7,Mon,22,0.60614471669219
HB_HUBAVG,7,Mon,23,0.525806374425727
HB_HUBAVG,7,Mon,24,0.479074942572741
HB_HUBAVG,7,Tue,1,0.492267447906179
HB_HUBAVG,7,Tue,2,0.463862964113914
HB_HUBAVG,7,Tue,3,0.440291137543796
HB_HUBAVG,7,Tue,4,0.426254792835886
HB_HUBAVG,7,Tue,5,0.428490798416283
HB_HUBAVG,7,Tue,6,0.442527143124193
HB_HUBAVG,7,Tue,7,0.473066651599676
HB_HUBAVG,7,Tue,8,0.483179167160051
HB_HUBAVG,7,Tue,9,0.526918321481101
HB_HUBAVG,7,Tue,10,0.570022738734169
HB_HUBAVG,7,Tue,11,0.648326211575416
HB_HUBAVG,7,Tue,12,0.766488287117543
HB_HUBAVG,7,Tue,13,0.942916340332071
HB_HUBAVG,7,Tue,14,1.2704406674116
HB_HUBAVG,7,Tue,15,1.89787825911338
HB_HUBAVG,7,Tue,16,2.99718515749113
HB_HUBAVG,7,Tue,17,4.04200564891947
HB_HUBAVG,7,Tue,18,2.22489768170701
HB_HUBAVG,7,Tue,19,1.03440503317643
HB_HUBAVG,7,Tue,20,0.835631350000391
HB_HUBAVG,7,Tue,21,0.763386730989895
HB_HUBAVG,7,Tue,22,0.67980339981042
HB_HUBAVG,7,Tue,23,0.601312391017268
HB_HUBAVG,7,Tue,24,0.548441678422727
HB_HUBAVG,7,Wed,1,0.396161342600483
HB_HUBAVG,7,Wed,2,0.371570137302962
HB_HUBAVG,7,Wed,3,0.349990858863958
HB_HUBAVG,7,Wed,4,0.335513778325902
HB_HUBAVG,7,Wed,5,0.339926313147433
HB_HUBAVG,7,Wed,6,0.361741092040395
HB_HUBAVG,7,Wed,7,0.386604982074077
HB_HUBAVG,7,Wed,8,0.396557974943991
HB_HUBAVG,7,Wed,9,0.426974717786792
HB_HUBAVG,7,Wed,10,0.455433088433519
HB_HUBAVG,7,Wed,11,0.533867134362305
HB_HUBAVG,7,Wed,12,0.636061936619391
HB_HUBAVG,7,Wed,13,0.778390974135233
HB_HUBAVG,7,Wed,14,1.08798730776501
HB_HUBAVG,7,Wed,15,1.87714932897864
HB_HUBAVG,7,Wed,16,3.99706244170589
HB_HUBAVG,7,Wed,17,4.42509071415513
HB_HUBAVG,7,Wed,18,3.21988615412265
HB_HUBAVG,7,Wed,19,0.898124362831831
HB_HUBAVG,7,Wed,20,0.669589764406585
HB_HUBAVG,7,Wed,21,0.604430507224596
HB_HUBAVG,7,Wed,22,0.539506750496565
HB_HUBAVG,7,Wed,23,0.476206707424772
HB_HUBAVG,7,Wed,24,0.436171630251893
HB_HUBAVG,7,Thu,1,0.429571552899315
HB_HUBAVG,7,Thu,2,0.402215016828275
HB_HUBAVG,7,Thu,3,0.383290095045242
HB_HUBAVG,7,Thu,4,0.370934154376981
HB_HUBAVG,7,Thu,5,0.372313356039606
HB_HUBAVG,7,Thu,6,0.393157785291241
HB_HUBAVG,7,Thu,7,0.419049808256607
HB_HUBAVG,7,Thu,8,0.429770612933096
HB_HUBAVG,7,Thu,9,0.457212460447186
HB_HUBAVG,7,Thu,10,0.502939393921441
HB_HUBAVG,7,Thu,11,0.589459415746952
HB_HUBAVG,7,Thu,12,0.691378153042805
HB_HUBAVG,7,Thu,13,0.836393387652235
HB_HUBAVG,7,Thu,14,1.07350232503304
HB_HUBAVG,7,Thu,15,1.73195026105894
HB_HUBAVG,7,Thu,16,3.38211528538159
HB_HUBAVG,7,Thu,17,4.9985538525522
HB_HUBAVG,7,Thu,18,2.56878442450026
HB_HUBAVG,7,Thu,19,0.91526381675102
HB_HUBAVG,7,Thu,20,0.739650211234688
HB_HUBAVG,7,Thu,21,0.680827971252414
HB_HUBAVG,7,Thu,22,0.621664485497943
HB_HUBAVG,7,Thu,23,0.531063732979923
HB_HUBAVG,7,Thu,24,0.478938441276994
HB_HUBAVG,8,Mon,1,0.269248601971715
HB_HUBAVG,8,Mon,2,0.250441339407963
HB_HUBAVG,8,Mon,3,0.239052497077691
HB_HUBAVG,8,Mon,4,0.234960176056875
HB_HUBAVG,8,Mon,5,0.241063829324092
HB_HUBAVG,8,Mon,6,0.251381702536151
HB_HUBAVG,8,Mon,7,0.273941710546651
HB_HUBAVG,8,Mon,8,0.280524252443965
HB_HUBAVG,8,Mon,9,0.297720707797395
HB_HUBAVG,8,Mon,10,0.327403095797317
HB_HUBAVG,8,Mon,11,0.368709416909558
HB_HUBAVG,8,Mon,12,0.420943105853978
HB_HUBAVG,8,Mon,13,0.507691604429284
HB_HUBAVG,8,Mon,14,1.0491056754833
HB_HUBAVG,8,Mon,15,2.87078931730072
HB_HUBAVG,8,Mon,16,5.90971207909499
HB_HUBAVG,8,Mon,17,5.21058692155151
HB_HUBAVG,8,Mon,18,2.49242376419524
HB_HUBAVG,8,Mon,19,0.616573464781006
HB_HUBAVG,8,Mon,20,0.451435250992061
HB_HUBAVG,8,Mon,21,0.43724273340923
HB_HUBAVG,8,Mon,22,0.373228384164459
HB_HUBAVG,8,Mon,23,0.328360873057508
HB_HUBAVG,8,Mon,24,0.297459495817343
HB_HUBAVG,8,Tue,1,0.269542925357801
HB_HUBAVG,8,Tue,2,0.253179624168803
HB_HUBAVG,8,Tue,3,0.241182631702136
HB_HUBAVG,8,Tue,4,0.235316698921472
HB_HUBAVG,8,Tue,5,0.238589359159272
HB_HUBAVG,8,Tue,6,0.255640333258997
HB_HUBAVG,8,Tue,7,0.278217546291917
HB_HUBAVG,8,Tue,8,0.285790233525711
HB_HUBAVG,8,Tue,9,0.303114619746569
HB_HUBAVG,8,Tue,10,0.326686058674517
HB_HUBAVG,8,Tue,11,0.369454342592292
HB_HUBAVG,8,Tue,12,0.433747617137417
HB_HUBAVG,8,Tue,13,0.59750490726427
HB_HUBAVG,8,Tue,14,1.61574135765689
HB_HUBAVG,8,Tue,15,3.21102651752358
HB_HUBAVG,8,Tue,16,5.17627141814587
HB_HUBAVG,8,Tue,17,5.02077448816353
HB_HUBAVG,8,Tue,18,2.29251092440224
HB_HUBAVG,8,Tue,19,0.66186446353573
HB_HUBAVG,8,Tue,20,0.468164403536959
HB_HUBAVG,8,Tue,21,0.436846287843586
HB_HUBAVG,8,Tue,22,0.386389323670931
HB_HUBAVG,8,Tue,23,0.336247197698367
HB_HUBAVG,8,Tue,24,0.306196720021155
HB_HUBAVG,8,Wed,1,0.28550110478025
HB_HUBAVG,8,Wed,2,0.268406772408562
HB_HUBAVG,8,Wed,3,0.259215751896101
HB_HUBAVG,8,Wed,4,0.253678604687192
HB_HUBAVG,8,Wed,5,0.256004528442097
HB_HUBAVG,8,Wed,6,0.268487254199389
HB_HUBAVG,8,Wed,7,0.290772662079428
HB_HUBAVG,8,Wed,8,0.297798722418639
HB_HUBAVG,8,Wed,9,0.321484513459071
HB_HUBAVG,8,Wed,10,0.345894640616947
HB_HUBAVG,8,Wed,11,0.392236055775222
HB_HUBAVG,8,Wed,12,0.465571063576926
HB_HUBAVG,8,Wed,13,0.632852465811168
HB_HUBAVG,8,Wed,14,1.35597330821407
HB_HUBAVG,8,Wed,15,3.5008854673695
HB_HUBAVG,8,Wed,16,5.43102391952357
HB_HUBAVG,8,Wed,17,4.70026535517117
HB_HUBAVG,8,Wed,18,2.01991588982177
HB_HUBAVG,8,Wed,19,0.629037628925961
HB_HUBAVG,8,Wed,20,0.498150092503758
HB_HUBAVG,8,Wed,21,0.460178783591507
HB_HUBAVG,8,Wed,22,0.403954204519656
HB_HUBAVG,8,Wed,23,0.346812133032376
HB_HUBAVG,8,Wed,24,0.315899077175666
HB_HUBAVG,8,Thu,1,0.400495206550881
HB_HUBAVG,8,Thu,2,0.379686258208458
HB_HUBAVG,8,Thu,3,0.368499878956908
HB_HUBAVG,8,Thu,4,0.361068927025522
HB_HUBAVG,8,Thu,5,0.361925027478446
HB_HUBAVG,8,Thu,6,0.377859910575552
HB_HUBAVG,8,Thu,7,0.405551906559489
HB_HUBAVG,8,Thu,8,0.415368525086359
HB_HUBAVG,8,Thu,9,0.443779645450754
HB_HUBAVG,8,Thu,10,0.481767676215199
HB_HUBAVG,8,Thu,11,0.550963422156926
HB_HUBAVG,8,Thu,12,0.654494503597286
HB_HUBAVG,8,Thu,13,0.82541781269188
HB_HUBAVG,8,Thu,14,1.37441791114343
HB_HUBAVG,8,Thu,15,2.53949072486501
HB_HUBAVG,8,Thu,16,4.38737784516662
HB_HUBAVG,8,Thu,17,4.41604008833054
HB_HUBAVG,8,Thu,18,1.66954427394834
HB_HUBAVG,8,Thu,19,0.802702614007611
HB_HUBAVG,8,Thu,20,0.676559065937333
HB_HUBAVG,8,Thu,21,0.630751984369508
HB_HUBAVG,8,Thu,22,0.556807734582225
HB_HUBAVG,8,Thu,23,0.480329427454285
HB_HUBAVG,8,Thu,24,0.439099629641432
HB_HUBAVG,8,Fri,1,0.288420698978959
HB_HUBAVG,8,Fri,2,0.270040646500154
HB_HUBAVG,8,Fri,3,0.260665763411108
HB_HUBAVG,8,Fri,4,0.256141171948413
HB_HUBAVG,8,Fri,5,0.256889402054112
HB_HUBAVG,8,Fri,6,0.266105836414892
HB_HUBAVG,8,Fri,7,0.290691797417433
HB_HUBAVG,8,Fri,8,0.301730392153267
HB_HUBAVG,8,Fri,9,0.323930819524698
HB_HUBAVG,8,Fri,10,0.350594219408942
HB_HUBAVG,8,Fri,11,0.409616370687866
HB_HUBAVG,8,Fri,12,0.484861911199758
HB_HUBAVG,8,Fri,13,0.616594423338324
HB_HUBAVG,8,Fri,14,1.55144192010516
HB_HUBAVG,8,Fri,15,3.46583706042398
HB_HUBAVG,8,Fri,16,4.83832874736744
HB_HUBAVG,8,Fri,17,4.80859320269627
HB_HUBAVG,8,Fri,18,2.2803500836624
HB_HUBAVG,8,Fri,19,0.652799957747006
HB_HUBAVG,8,Fri,20,0.492449844742253
HB_HUBAVG,8,Fri,21,0.448013779170888
HB_HUBAVG,8,Fri,22,0.39836651098101
HB_HUBAVG,8,Fri,23,0.360919794867582
HB_HUBAVG,8,Fri,24,0.326615645198087
HB_HUBAVG,8,Sat,1,0.558566614964968
HB_HUBAVG,8,Sat,2,0.516018612611649
HB_HUBAVG,8,Sat,3,0.491886398887522
HB_HUBAVG,8,Sat,4,0.477475530833824
HB_HUBAVG,8,Sat,5,0.471639300422528
HB_HUBAVG,8,Sat,6,0.479871637161042
HB_HUBAVG,8,Sat,7,0.500461036529925
HB_HUBAVG,8,Sat,8,0.516549179012676
HB_HUBAVG,8,Sat,9,0.569314863347061
HB_HUBAVG,8,Sat,10,0.62166978659678
HB_HUBAVG,8,Sat,11,0.689804781515751
HB_HUBAVG,8,Sat,12,0.833708081510403
HB_HUBAVG,8,Sat,13,1.04163876557737
HB_HUBAVG,8,Sat,14,1.4366197785741
HB_HUBAVG,8,Sat,15,1.93548911590095
HB_HUBAVG,8,Sat,16,3.05691822217468
HB_HUBAVG,8,Sat,17,3.56583409103065
HB_HUBAVG,8,Sat,18,1.69086377493716
HB_HUBAVG,8,Sat,19,0.977474461143499
HB_HUBAVG,8,Sat,20,0.846783976038937
HB_HUBAVG,8,Sat,21,0.79451462801519
HB_HUBAVG,8,Sat,22,0.701323206931593
HB_HUBAVG,8,Sat,23,0.639178477830668
HB_HUBAVG,8,Sat,24,0.586395678451089
HB_HUBAVG,8,Sun,1,0.573013949476006
HB_HUBAVG,8,Sun,2,0.527397314382227
HB_HUBAVG,8,Sun,3,0.500209344837556
HB_HUBAVG,8,Sun,4,0.487468539025828
HB_HUBAVG,8,Sun,5,0.482918251235925
HB_HUBAVG,8,Sun,6,0.482027153210402
HB_HUBAVG,8,Sun,7,0.499754316058566
HB_HUBAVG,8,Sun,8,0.50877905350854
HB_HUBAVG,8,Sun,9,0.55960956002825
HB_HUBAVG,8,Sun,10,0.60374735159031
HB_HUBAVG,8,Sun,11,0.670826177426465
HB_HUBAVG,8,Sun,12,0.773776438673023
HB_HUBAVG,8,Sun,13,0.919063335898137
HB_HUBAVG,8,Sun,14,1.31143086011499
HB_HUBAVG,8,Sun,15,1.82500667533539
HB_HUBAVG,8,Sun,16,2.89445702268982
HB_HUBAVG,8,Sun,17,3.62813405021432
HB_HUBAVG,8,Sun,18,1.86193984456343
HB_HUBAVG,8,Sun,19,1.07001913332817
HB_HUBAVG,8,Sun,20,0.920788653351808
HB_HUBAVG,8,Sun,21,0.874186122570217
HB_HUBAVG,8,Sun,22,0.761016673328836
HB_HUBAVG,8,Sun,23,0.660208839250024
HB_HUBAVG,8,Sun,24,0.604221339901758
HB_HUBAVG,9,Thu,1,0.257782977543359
HB_HUBAVG,9,Thu,2,0.242427419811015
HB_HUBAVG,9,Thu,3,0.231409496715732
HB_HUBAVG,9,Thu,4,0.222750783299003
HB_HUBAVG,9,Thu,5,0.232469071588907
HB_HUBAVG,9,Thu,6,0.248611032547436
HB_HUBAVG,9,Thu,7,0.28596932475556
HB_HUBAVG,9,Thu,8,0.287384850562692
HB_HUBAVG,9,Thu,9,0.294445923740962
HB_HUBAVG,9,Thu,10,0.310703775701244
HB_HUBAVG,9,Thu,11,0.34014836807534
HB_HUBAVG,9,Thu,12,0.395072424977822
HB_HUBAVG,9,Thu,13,0.472827009225752
HB_HUBAVG,9,Thu,14,1.07645356978777
HB_HUBAVG,9,Thu,15,3.06680702354657
HB_HUBAVG,9,Thu,16,5.11250670857138
HB_HUBAVG,9,Thu,17,5.8253853720722
HB_HUBAVG,9,Thu,18,2.60792832417472
HB_HUBAVG,9,Thu,19,0.756851020737591
HB_HUBAVG,9,Thu,20,0.424914357929359
HB_HUBAVG,9,Thu,21,0.386082594413226
HB_HUBAVG,9,Thu,22,0.338757676054298
HB_HUBAVG,9,Thu,23,0.303046691656814
HB_HUBAVG,9,Thu,24,0.279264202511248
HB_HUBAVG,9,Fri,1,0.322134821450199
HB_HUBAVG,9,Fri,2,0.300417424335424
HB_HUBAVG,9,Fri,3,0.281390067788858
HB_HUBAVG,9,Fri,4,0.277547152691416
HB_HUBAVG,9,Fri,5,0.284760008720461
HB_HUBAVG,9,Fri,6,0.314015431603296
HB_HUBAVG,9,Fri,7,0.358356759650705
HB_HUBAVG,9,Fri,8,0.357194031493018
HB_HUBAVG,9,Fri,9,0.366476149497609
HB_HUBAVG,9,Fri,10,0.389779980793636
HB_HUBAVG,9,Fri,11,0.425262896860018
HB_HUBAVG,9,Fri,12,0.476324399513723
HB_HUBAVG,9,Fri,13,0.555813620260046
HB_HUBAVG,9,Fri,14,1.05772789287135
HB_HUBAVG,9,Fri,15,2.73664823080154
HB_HUBAVG,9,Fri,16,4.80891556302607
HB_HUBAVG,9,Fri,17,5.25879282376662
HB_HUBAVG,9,Fri,18,2.53728961990039
HB_HUBAVG,9,Fri,19,0.783668924652998
HB_HUBAVG,9,Fri,20,0.496997312012271
HB_HUBAVG,9,Fri,21,0.461415859661339
HB_HUBAVG,9,Fri,22,0.415596487345683
HB_HUBAVG,9,Fri,23,0.378261089129764
HB_HUBAVG,9,Fri,24,0.355213452173567
HB_HUBAVG,9,Sat,1,0.732948503721708
HB_HUBAVG,9,Sat,2,0.685184783316334
HB_HUBAVG,9,Sat,3,0.652134285280267
HB_HUBAVG,9,Sat,4,0.635359475705822
HB_HUBAVG,9,Sat,5,0.634469738069921
HB_HUBAVG,9,Sat,6,0.638462706972505
HB_HUBAVG,9,Sat,7,0.691456348603546
HB_HUBAVG,9,Sat,8,0.700939649747184
HB_HUBAVG,9,Sat,9,0.750938564701287
HB_HUBAVG,9,Sat,10,0.825372713265771
HB_HUBAVG,9,Sat,11,0.908747640025173
HB_HUBAVG,9,Sat,12,1.02669212907706
HB_HUBAVG,9,Sat,13,1.14044834096482
HB_HUBAVG,9,Sat,14,1.34471908161715
HB_HUBAVG,9,Sat,15,1.60491308782361
HB_HUBAVG,9,Sat,16,1.95047850524077
HB_HUBAVG,9,Sat,17,1.94963216944077
HB_HUBAVG,9,Sat,18,1.40036023523795
HB_HUBAVG,9,Sat,19,1.13450228944684
HB_HUBAVG,9,Sat,20,1.06785877042599
HB_HUBAVG,9,Sat,21,1.02196132896422
HB_HUBAVG,9,Sat,22,0.910266704281591
HB_HUBAVG,9,Sat,23,0.820055988368308
HB_HUBAVG,9,Sat,24,0.772096959701395
HB_HUBAVG,9,Sun,1,0.695964858943043
HB_HUBAVG,9,Sun,2,0.663402769769466
HB_HUBAVG,9,Sun,3,0.642687158627486
HB_HUBAVG,9,Sun,4,0.628052040634468
HB_HUBAVG,9,Sun,5,0.621258662081835
HB_HUBAVG,9,Sun,6,0.623669892123665
HB_HUBAVG,9,Sun,7,0.649354733873589
HB_HUBAVG,9,Sun,8,0.655665866417856
HB_HUBAVG,9,Sun,9,0.697495465839161
HB_HUBAVG,9,Sun,10,0.759160053256733
HB_HUBAVG,9,Sun,11,0.826779330516737
HB_HUBAVG,9,Sun,12,0.945223143614958
HB_HUBAVG,9,Sun,13,1.10658685145775
HB_HUBAVG,9,Sun,14,1.31952991497793
HB_HUBAVG,9,Sun,15,1.60935976600585
HB_HUBAVG,9,Sun,16,2.07365783597346
HB_HUBAVG,9,Sun,17,2.16375397066686
HB_HUBAVG,9,Sun,18,1.49062241185906
HB_HUBAVG,9,Sun,19,1.19869583905564
HB_HUBAVG,9,Sun,20,1.10797068782958
HB_HUBAVG,9,Sun,21,1.03582249153449
HB_HUBAVG,9,Sun,22,0.916623858597083
HB_HUBAVG,9,Sun,23,0.817511820269009
HB_HUBAVG,9,Sun,24,0.751150576074308
HB_HUBAVG,9,Mon,1,0.608900475780574
HB_HUBAVG,9,Mon,2,0.576520758979773
HB_HUBAVG,9,Mon,3,0.547692747860961
HB_HUBAVG,9,Mon,4,0.539642214981785
HB_HUBAVG,9,Mon,5,0.549054235039057
HB_HUBAVG,9,Mon,6,0.584433169971315
HB_HUBAVG,9,Mon,7,0.659749062127719
HB_HUBAVG,9,Mon,8,0.659689867033019
HB_HUBAVG,9,Mon,9,0.685637050209773
HB_HUBAVG,9,Mon,10,0.737491953166814
HB_HUBAVG,9,Mon,11,0.819358769136664
HB_HUBAVG,9,Mon,12,0.927330621869135
HB_HUBAVG,9,Mon,13,1.10294273614526
HB_HUBAVG,9,Mon,14,1.55649555173528
HB_HUBAVG,9,Mon,15,1.90481922064725
HB_HUBAVG,9,Mon,16,2.41036506108194
HB_HUBAVG,9,Mon,17,2.443612972605
HB_HUBAVG,9,Mon,18,1.45771867037951
HB_HUBAVG,9,Mon,19,1.10819136787532
HB_HUBAVG,9,Mon,20,1.03127720816202
HB_HUBAVG,9,Mon,21,0.928376401875498
HB_HUBAVG,9,Mon,22,0.795779389747903
HB_HUBAVG,9,Mon,23,0.712294574522924
HB_HUBAVG,9,Mon,24,0.652625919065507
HB_HUBAVG,9,Tue,1,0.557502164955321
HB_HUBAVG,9,Tue,2,0.529238792192838
HB_HUBAVG,9,Tue,3,0.503868370716481
HB_HUBAVG,9,Tue,4,0.496750187946671
HB_HUBAVG,9,Tue,5,0.508150699922918
HB_HUBAVG,9,Tue,6,0.543170636544446
HB_HUBAVG,9,Tue,7,0.623792621070963
HB_HUBAVG,9,Tue,8,0.6223461454279
HB_HUBAVG,9,Tue,9,0.636639608690273
HB_HUBAVG,9,Tue,10,0.688788862137549
HB_HUBAVG,9,Tue,11,0.751596357165288
HB_HUBAVG,9,Tue,12,0.844855970994357
HB_HUBAVG,9,Tue,13,0.987809636192343
HB_HUBAVG,9,Tue,14,1.52388112254123
HB_HUBAVG,9,Tue,15,2.05144504819999
HB_HUBAVG,9,Tue,16,2.81221510615418
HB_HUBAVG,9,Tue,17,2.99844884519856
HB_HUBAVG,9,Tue,18,1.62682831666397
HB_HUBAVG,9,Tue,19,0.965712817487129
HB_HUBAVG,9,Tue,20,0.89947945909424
HB_HUBAVG,9,Tue,21,0.822873347734648
HB_HUBAVG,9,Tue,22,0.732982499547977
HB_HUBAVG,9,Tue,23,0.663228114918683
HB_HUBAVG,9,Tue,24,0.608395268502041
HB_HUBAVG,9,Wed,1,0.526223913030392
HB_HUBAVG,9,Wed,2,0.498702799665316
HB_HUBAVG,9,Wed,3,0.482179296562269
HB_HUBAVG,9,Wed,4,0.468707675453117
HB_HUBAVG,9,Wed,5,0.479506642508442
HB_HUBAVG,9,Wed,6,0.510892269167565
HB_HUBAVG,9,Wed,7,0.576643170586359
HB_HUBAVG,9,Wed,8,0.575668013026179
HB_HUBAVG,9,Wed,9,0.592859679642683
HB_HUBAVG,9,Wed,10,0.628398755169238
HB_HUBAVG,9,Wed,11,0.679775111812047
HB_HUBAVG,9,Wed,12,0.770067478495368
HB_HUBAVG,9,Wed,13,0.890607788017601
HB_HUBAVG,9,Wed,14,1.2498630565772
HB_HUBAVG,9,Wed,15,1.86410396865049
HB_HUBAVG,9,Wed,16,3.128305453057
HB_HUBAVG,9,Wed,17,4.10543138683056
HB_HUBAVG,9,Wed,18,1.51925936181355
HB_HUBAVG,9,Wed,19,0.915582656642208
HB_HUBAVG,9,Wed,20,0.869985011467131
HB_HUBAVG,9,Wed,21,0.786302046025029
HB_HUBAVG,9,Wed,22,0.685409355493087
HB_HUBAVG,9,Wed,23,0.622114406448079
HB_HUBAVG,9,Wed,24,0.573410703859096
HB_HUBAVG,10,Sat,1,0.700751511762033
HB_HUBAVG,10,Sat,2,0.615477646894334
HB_HUBAVG,10,Sat,3,0.579174385682827
HB_HUBAVG,10,Sat,4,0.55107134118634
HB_HUBAVG,10,Sat,5,0.5535041420532
HB_HUBAVG,10,Sat,6,0.579824530742074
HB_HUBAVG,10,Sat,7,0.671599846202244
HB_HUBAVG,10,Sat,8,0.706078506763606
HB_HUBAVG,10,Sat,9,0.776503897374952
HB_HUBAVG,10,Sat,10,0.831493585934497
HB_HUBAVG,10,Sat,11,0.880128630850432
HB_HUBAVG,10,Sat,12,0.950323324827851
HB_HUBAVG,10,Sat,13,1.02320248872732
HB_HUBAVG,10,Sat,14,1.14511517354679
HB_HUBAVG,10,Sat,15,1.42402740396379
HB_HUBAVG,10,Sat,16,2.28056206088993
HB_HUBAVG,10,Sat,17,2.5030584781013
HB_HUBAVG,10,Sat,18,1.68911880876647
HB_HUBAVG,10,Sat,19,1.18139746233703
HB_HUBAVG,10,Sat,20,1.10289768953826
HB_HUBAVG,10,Sat,21,0.934594008878325
HB_HUBAVG,10,Sat,22,0.85405991121675
HB_HUBAVG,10,Sat,23,0.7715963507987
HB_HUBAVG,10,Sat,24,0.694438812960956
HB_HUBAVG,10,Sun,1,0.763658594496367
HB_HUBAVG,10,Sun,2,0.696466330019836
HB_HUBAVG,10,Sun,3,0.654131838177695
HB_HUBAVG,10,Sun,4,0.607557166707486
HB_HUBAVG,10,Sun,5,0.612784478100818
HB_HUBAVG,10,Sun,6,0.639840862394206
HB_HUBAVG,10,Sun,7,0.713830875163354
HB_HUBAVG,10,Sun,8,0.746585701919859
HB_HUBAVG,10,Sun,9,0.839757479673125
HB_HUBAVG,10,Sun,10,0.902507651205965
HB_HUBAVG,10,Sun,11,0.935599000155174
HB_HUBAVG,10,Sun,12,1.01708224041519
HB_HUBAVG,10,Sun,13,1.09084790505587
HB_HUBAVG,10,Sun,14,1.27133597440936
HB_HUBAVG,10,Sun,15,1.58017360806008
HB_HUBAVG,10,Sun,16,1.91474397204622
HB_HUBAVG,10,Sun,17,1.85365397666406
HB_HUBAVG,10,Sun,18,1.3457073789969
HB_HUBAVG,10,Sun,19,1.19631396024925
HB_HUBAVG,10,Sun,20,1.13499961673861
HB_HUBAVG,10,Sun,21,0.990205334624582
HB_HUBAVG,10,Sun,22,0.909529747627051
HB_HUBAVG,10,Sun,23,0.830850858972897
HB_HUBAVG,10,Sun,24,0.751835448126039
HB_HUBAVG,10,Mon,1,0.673049183987777
HB_HUBAVG,10,Mon,2,0.62545413953748
HB_HUBAVG,10,Mon,3,0.574070747221966
HB_HUBAVG,10,Mon,4,0.611723994788405
HB_HUBAVG,10,Mon,5,0.653458611601903
HB_HUBAVG,10,Mon,6,0.729560450485491
HB_HUBAVG,10,Mon,7,0.841871360125023
HB_HUBAVG,10,Mon,8,0.846350401247434
HB_HUBAVG,10,Mon,9,0.851582925923148
HB_HUBAVG,10,Mon,10,0.873371158672823
HB_HUBAVG,10,Mon,11,0.925926636515697
HB_HUBAVG,10,Mon,12,0.999349422765319
HB_HUBAVG,10,Mon,13,1.07059547874985
HB_HUBAVG,10,Mon,14,1.29649403404978
HB_HUBAVG,10,Mon,15,1.53825760416649
HB_HUBAVG,10,Mon,16,1.84023706825131
HB_HUBAVG,10,Mon,17,1.81244189717391
HB_HUBAVG,10,Mon,18,1.34804486715492
HB_HUBAVG,10,Mon,19,1.20318765403245
HB_HUBAVG,10,Mon,20,1.14238571730065
HB_HUBAVG,10,Mon,21,1.01490048610154
HB_HUBAVG,10,Mon,22,0.919354585523
HB_HUBAVG,10,Mon,23,0.839443468675491
HB_HUBAVG,10,Mon,24,0.76888810594816
HB_HUBAVG,10,Tue,1,0.659265157846938
HB_HUBAVG,10,Tue,2,0.591348526827727
HB_HUBAVG,10,Tue,3,0.554191811834078
HB_HUBAVG,10,Tue,4,0.55760738659173
HB_HUBAVG,10,Tue,5,0.588426532237366
HB_HUBAVG,10,Tue,6,0.700252054938763
HB_HUBAVG,10,Tue,7,0.864949885160348
HB_HUBAVG,10,Tue,8,0.846924337450889
HB_HUBAVG,10,Tue,9,0.844910530368343
HB_HUBAVG,10,Tue,10,0.874012017031806
HB_HUBAVG,10,Tue,11,0.94548242525551
HB_HUBAVG,10,Tue,12,0.994603523504288
HB_HUBAVG,10,Tue,13,1.06560009476739
HB_HUBAVG,10,Tue,14,1.26968562233878
HB_HUBAVG,10,Tue,15,1.49392896394232
HB_HUBAVG,10,Tue,16,1.93400504109878
HB_HUBAVG,10,Tue,17,2.04498160591243
HB_HUBAVG,10,Tue,18,1.28230153141473
HB_HUBAVG,10,Tue,19,1.23677369678383
HB_HUBAVG,10,Tue,20,1.19395068146968
HB_HUBAVG,10,Tue,21,1.0058966377319
HB_HUBAVG,10,Tue,22,0.898039499575521
HB_HUBAVG,10,Tue,23,0.81401241189594
HB_HUBAVG,10,Tue,24,0.738850024020902
HB_HUBAVG,10,Wed,1,0.597382592486444
HB_HUBAVG,10,Wed,2,0.554999779835564
HB_HUBAVG,10,Wed,3,0.525001796078292
HB_HUBAVG,10,Wed,4,0.526874352542745
HB_HUBAVG,10,Wed,5,0.547602254792825
HB_HUBAVG,10,Wed,6,0.627046853309458
HB_HUBAVG,10,Wed,7,0.771604504332604
HB_HUBAVG,10,Wed,8,0.735580967595658
HB_HUBAVG,10,Wed,9,0.734060674228478
HB_HUBAVG,10,Wed,10,0.75970171967737
HB_HUBAVG,10,Wed,11,0.785268604474205
HB_HUBAVG,10,Wed,12,0.833194925866386
HB_HUBAVG,10,Wed,13,0.925580558167058
HB_HUBAVG,10,Wed,14,1.20219979034166
HB_HUBAVG,10,Wed,15,1.50442298763912
HB_HUBAVG,10,Wed,16,2.52225939696575
HB_HUBAVG,10,Wed,17,3.08272852489056
HB_HUBAVG,10,Wed,18,1.67443628248101
HB_HUBAVG,10,Wed,19,1.06906287973537
HB_HUBAVG,10,Wed,20,0.998832742236886
HB_HUBAVG,10,Wed,21,0.88371687008058
HB_HUBAVG,10,Wed,22,0.782209477576831
HB_HUBAVG,10,Wed,23,0.702560937267041
HB_HUBAVG,10,Wed,24,0.653670527398112
HB_HUBAVG,10,Thu,1,0.604700049198449
HB_HUBAVG,10,Thu,2,0.556051089713691
HB_HUBAVG,10,Thu,3,0.526723702790255
HB_HUBAVG,10,Thu,4,0.511868327061063
HB_HUBAVG,10,Thu,5,0.538473825786377
HB_HUBAVG,10,Thu,6,0.61991962123584
HB_HUBAVG,10,Thu,7,0.854251193222115
HB_HUBAVG,10,Thu,8,0.802631158591519
HB_HUBAVG,10,Thu,9,0.740046898261442
HB_HUBAVG,10,Thu,10,0.764946424806241
HB_HUBAVG,10,Thu,11,0.799890102166649
HB_HUBAVG,10,Thu,12,0.863873643049281
HB_HUBAVG,10,Thu,13,0.979362209202027
HB_HUBAVG,10,Thu,14,1.28005418218761
HB_HUBAVG,10,Thu,15,1.62274373997661
HB_HUBAVG,10,Thu,16,2.57114926298168
HB_HUBAVG,10,Thu,17,2.78548837447048
HB_HUBAVG,10,Thu,18,1.49251480745516
HB_HUBAVG,10,Thu,19,1.05659099476707
HB_HUBAVG,10,Thu,20,1.07836610035206
HB_HUBAVG,10,Thu,21,0.882677673488426
HB_HUBAVG,10,Thu,22,0.762282041288361
HB_HUBAVG,10,Thu,23,0.683404788223041
HB_HUBAVG,10,Thu,24,0.621989789724553
HB_HUBAVG,10,Fri,1,0.720840816533023
HB_HUBAVG,10,Fri,2,0.654718842486024
HB_HUBAVG,10,Fri,3,0.619330685756204
HB_HUBAVG,10,Fri,4,0.613841600688033
HB_HUBAVG,10,Fri,5,0.635216148534136
HB_HUBAVG,10,Fri,6,0.721422608959603
HB_HUBAVG,10,Fri,7,0.890977158323426
HB_HUBAVG,10,Fri,8,0.859130346798877
HB_HUBAVG,10,Fri,9,0.865049452356259
HB_HUBAVG,10,Fri,10,0.8799231022184
HB_HUBAVG,10,Fri,11,0.929324867831938
HB_HUBAVG,10,Fri,12,0.975868261958364
HB_HUBAVG,10,Fri,13,1.05013532997749
HB_HUBAVG,10,Fri,14,1.2187792477171
HB_HUBAVG,10,Fri,15,1.4263526673918
HB_HUBAVG,10,Fri,16,1.8959603369337
HB_HUBAVG,10,Fri,17,1.80254470948322
HB_HUBAVG,10,Fri,18,1.23764955859662
HB_HUBAVG,10,Fri,19,1.1696810259783
HB_HUBAVG,10,Fri,20,1.17565072218147
HB_HUBAVG,10,Fri,21,1.01902208281689
HB_HUBAVG,10,Fri,22,0.924569347127716
HB_HUBAVG,10,Fri,23,0.888700579262894
HB_HUBAVG,10,Fri,24,0.825310500088534
HB_HUBAVG,11,Tue,1,0.563701996308652
HB_HUBAVG,11,Tue,2,0.526672284614353
HB_HUBAVG,11,Tue,3,0.507864970533896
HB_HUBAVG,11,Tue,4,0.542734990659147
HB_HUBAVG,11,Tue,5,0.612879973078845
HB_HUBAVG,11,Tue,6,0.787005105833323
HB_HUBAVG,11,Tue,7,1.5355182088058
HB_HUBAVG,11,Tue,8,1.38125773912913
HB_HUBAVG,11,Tue,9,1.11899019421289
HB_HUBAVG,11,Tue,10,1.0424111306604
HB_HUBAVG,11,Tue,11,1.03273751217404
HB_HUBAVG,11,Tue,12,1.00263681093044
HB_HUBAVG,11,Tue,13,1.01800211657273
HB_HUBAVG,11,Tue,14,1.06758503551212
HB_HUBAVG,11,Tue,15,1.121284866505
HB_HUBAVG,11,Tue,16,1.12803390265828
HB_HUBAVG,11,Tue,17,1.1467737263772
HB_HUBAVG,11,Tue,18,1.67027396399952
HB_HUBAVG,11,Tue,19,1.475114335234
HB_HUBAVG,11,Tue,20,1.20420802404157
HB_HUBAVG,11,Tue,21,1.04848526319835
HB_HUBAVG,11,Tue,22,0.924055533319148
HB_HUBAVG,11,Tue,23,0.814586166913038
HB_HUBAVG,11,Tue,24,0.727186148728135
HB_HUBAVG,11,Wed,1,0.702576497927224
HB_HUBAVG,11,Wed,2,0.650360643863842
HB_HUBAVG,11,Wed,3,0.623517436835882
HB_HUBAVG,11,Wed,4,0.636006222444147
HB_HUBAVG,11,Wed,5,0.695443184530587
HB_HUBAVG,11,Wed,6,0.82614743461358
HB_HUBAVG,11,Wed,7,1.4284844178256
HB_HUBAVG,11,Wed,8,1.26261841986134
HB_HUBAVG,11,Wed,9,1.1234200396722
HB_HUBAVG,11,Wed,10,1.05487438509467
HB_HUBAVG,11,Wed,11,1.0109990205412
HB_HUBAVG,11,Wed,12,0.968418626727428
HB_HUBAVG,11,Wed,13,0.974608147890048
HB_HUBAVG,11,Wed,14,1.00959430651848
HB_HUBAVG,11,Wed,15,0.99679823971774
HB_HUBAVG,11,Wed,16,1.03523033743316
HB_HUBAVG,11,Wed,17,1.09025561954199
HB_HUBAVG,11,Wed,18,1.64079377316612
HB_HUBAVG,11,Wed,19,1.42374350799891
HB_HUBAVG,11,Wed,20,1.14334941986957
HB_HUBAVG,11,Wed,21,1.05540115285319
HB_HUBAVG,11,Wed,22,0.977241986682652
HB_HUBAVG,11,Wed,23,0.867740138880125
HB_HUBAVG,11,Wed,24,0.802377039510325
HB_HUBAVG,11,Thu,1,0.757733344775308
HB_HUBAVG,11,Thu,2,0.705397751651935
HB_HUBAVG,11,Thu,3,0.678074315626877
HB_HUBAVG,11,Thu,4,0.693612517520524
HB_HUBAVG,11,Thu,5,0.710455104551045
HB_HUBAVG,11,Thu,6,0.836843159129266
HB_HUBAVG,11,Thu,7,1.25408621528076
HB_HUBAVG,11,Thu,8,1.10570668497383
HB_HUBAVG,11,Thu,9,1.04746703280986
HB_HUBAVG,11,Thu,10,1.10245716410652
HB_HUBAVG,11,Thu,11,1.09042020652765
HB_HUBAVG,11,Thu,12,1.06405789639292
HB_HUBAVG,11,Thu,13,1.04220372436282
HB_HUBAVG,11,Thu,14,1.05884035584542
HB_HUBAVG,11,Thu,15,1.07717039961097
HB_HUBAVG,11,Thu,16,1.08890986584284
HB_HUBAVG,11,Thu,17,1.11096999342086
HB_HUBAVG,11,Thu,18,1.52754941502903
HB_HUBAVG,11,Thu,19,1.31486598586916
HB_HUBAVG,11,Thu,20,1.11703424010984
HB_HUBAVG,11,Thu,21,1.0031408221059
HB_HUBAVG,11,Thu,22,0.963963500100117
HB_HUBAVG,11,Thu,23,0.860207671844161
HB_HUBAVG,11,Thu,24,0.788832632512372
HB_HUBAVG,11,Fri,1,0.742075559442634
HB_HUBAVG,11,Fri,2,0.684754338993625
HB_HUBAVG,11,Fri,3,0.661858002139594
HB_HUBAVG,11,Fri,4,0.688979941783136
HB_HUBAVG,11,Fri,5,0.724966461191628
HB_HUBAVG,11,Fri,6,0.844270844297637
HB_HUBAVG,11,Fri,7,1.40528851030278
HB_HUBAVG,11,Fri,8,1.26995439487569
HB_HUBAVG,11,Fri,9,1.09252500818136
HB_HUBAVG,11,Fri,10,1.08604881260179
HB_HUBAVG,11,Fri,11,1.04870734447275
HB_HUBAVG,11,Fri,12,1.05513760958722
HB_HUBAVG,11,Fri,13,1.04115178296324
HB_HUBAVG,11,Fri,14,1.06868709679271
HB_HUBAVG,11,Fri,15,1.08182320981228
HB_HUBAVG,11,Fri,16,1.10465065096865
HB_HUBAVG,11,Fri,17,1.11693705038381
HB_HUBAVG,11,Fri,18,1.49014504458126
HB_HUBAVG,11,Fri,19,1.24466967383628
HB_HUBAVG,11,Fri,20,1.07626562353477
HB_HUBAVG,11,Fri,21,0.965022037054403
HB_HUBAVG,11,Fri,22,0.912293863115731
HB_HUBAVG,11,Fri,23,0.825255631744841
HB_HUBAVG,11,Fri,24,0.768531507342176
HB_HUBAVG,11,Sat,1,0.792975196928155
HB_HUBAVG,11,Sat,2,0.713835688436727
HB_HUBAVG,11,Sat,3,0.675752310746435
HB_HUBAVG,11,Sat,4,0.688553896214761
HB_HUBAVG,11,Sat,5,0.722807510888378
HB_HUBAVG,11,Sat,6,0.783226709249346
HB_HUBAVG,11,Sat,7,0.970135213398814
HB_HUBAVG,11,Sat,8,1.05848757837791
HB_HUBAVG,11,Sat,9,1.20707167080107
HB_HUBAVG,11,Sat,10,1.29954839595197
HB_HUBAVG,11,Sat,11,1.1500269489443
HB_HUBAVG,11,Sat,12,1.08628683719825
HB_HUBAVG,11,Sat,13,1.04365059438324
HB_HUBAVG,11,Sat,14,1.036044631469
HB_HUBAVG,11,Sat,15,1.05538091746928
HB_HUBAVG,11,Sat,16,1.09496406249477
HB_HUBAVG,11,Sat,17,1.12120999086079
HB_HUBAVG,11,Sat,18,1.47719048049466
HB_HUBAVG,11,Sat,19,1.26730339824514
HB_HUBAVG,11,Sat,20,1.12929802184706
HB_HUBAVG,11,Sat,21,1.0055939982525
HB_HUBAVG,11,Sat,22,0.950129388409611
HB_HUBAVG,11,Sat,23,0.872864589087184
HB_HUBAVG,11,Sat,24,0.797661969850659
HB_HUBAVG,11,Sun,1,0.784400247502873
HB_HUBAVG,11,Sun,2,0.721435516662247
HB_HUBAVG,11,Sun,3,0.699966410324406
HB_HUBAVG,11,Sun,4,0.707179351188898
HB_HUBAVG,11,Sun,5,0.736200830902502
HB_HUBAVG,11,Sun,6,0.780355343410236
HB_HUBAVG,11,Sun,7,0.886343145054362
HB_HUBAVG,11,Sun,8,0.915619199151419
HB_HUBAVG,11,Sun,9,0.99852559002917
HB_HUBAVG,11,Sun,10,1.05922743746133
HB_HUBAVG,11,Sun,11,1.02353045169274
HB_HUBAVG,11,Sun,12,1.01826924776805
HB_HUBAVG,11,Sun,13,1.03580659418368
HB_HUBAVG,11,Sun,14,1.04406611862459
HB_HUBAVG,11,Sun,15,1.07461504463891
HB_HUBAVG,11,Sun,16,1.12714222575798
HB_HUBAVG,11,Sun,17,1.13217714134182
HB_HUBAVG,11,Sun,18,1.70086802793247
HB_HUBAVG,11,Sun,19,1.44564306549987
HB_HUBAVG,11,Sun,20,1.19129497038805
HB_HUBAVG,11,Sun,21,1.1050225404402
HB_HUBAVG,11,Sun,22,1.03674003358968
HB_HUBAVG,11,Sun,23,0.927810483514541
HB_HUBAVG,11,Sun,24,0.847760982939981
HB_HUBAVG,11,Mon,1,0.61347411388295
HB_HUBAVG,11,Mon,2,0.563999559880995
HB_HUBAVG,11,Mon,3,0.566899167441549
HB_HUBAVG,11,Mon,4,0.601616790108541
HB_HUBAVG,11,Mon,5,0.659919613558254
HB_HUBAVG,11,Mon,6,0.799333780643825
HB_HUBAVG,11,Mon,7,1.20279346121236
HB_HUBAVG,11,Mon,8,1.10006450763844
HB_HUBAVG,11,Mon,9,1.03528934588392
HB_HUBAVG,11,Mon,10,1.01983340201203
HB_HUBAVG,11,Mon,11,1.03601424777406
HB_HUBAVG,11,Mon,12,1.03383954210364
HB_HUBAVG,11,Mon,13,1.05302355283909
HB_HUBAVG,11,Mon,14,1.14156514084887
HB_HUBAVG,11,Mon,15,1.20268990379948
HB_HUBAVG,11,Mon,16,1.23256621741447
HB_HUBAVG,11,Mon,17,1.2412132613897
HB_HUBAVG,11,Mon,18,1.67980479427673
HB_HUBAVG,11,Mon,19,1.40278871483093
HB_HUBAVG,11,Mon,20,1.1425489362712
HB_HUBAVG,11,Mon,21,1.04486840657503
HB_HUBAVG,11,Mon,22,0.978384547508042
HB_HUBAVG,11,Mon,23,0.879746111742763
HB_HUBAVG,11,Mon,24,0.767722880363141
HB_HUBAVG,12,Thu,1,0.689707630734669
HB_HUBAVG,12,Thu,2,0.650170728479719
HB_HUBAVG,12,Thu,3,0.635716377117695
HB_HUBAVG,12,Thu,4,0.645419298101199
HB_HUBAVG,12,Thu,5,0.70658771234257
HB_HUBAVG,12,Thu,6,0.838102303714347
HB_HUBAVG,12,Thu,7,1.40364755639979
HB_HUBAVG,12,Thu,8,1.20151170508622
HB_HUBAVG,12,Thu,9,1.08210075741551
HB_HUBAVG,12,Thu,10,1.08150057673612
HB_HUBAVG,12,Thu,11,1.01810649247534
HB_HUBAVG,12,Thu,12,0.975443649181889
HB_HUBAVG,12,Thu,13,0.947035097024
HB_HUBAVG,12,Thu,14,0.939107710550364
HB_HUBAVG,12,Thu,15,0.908723563656142
HB_HUBAVG,12,Thu,16,0.900521094371118
HB_HUBAVG,12,Thu,17,0.972717828596317
HB_HUBAVG,12,Thu,18,1.68203136152446
HB_HUBAVG,12,Thu,19,1.46194010488574
HB_HUBAVG,12,Thu,20,1.21996726097752
HB_HUBAVG,12,Thu,21,1.14807061709202
HB_HUBAVG,12,Thu,22,1.06161959173126
HB_HUBAVG,12,Thu,23,0.957263176101972
HB_HUBAVG,12,Thu,24,0.872987805704009
HB_HUBAVG,12,Fri,1,0.7949326296391
HB_HUBAVG,12,Fri,2,0.768140790305229
HB_HUBAVG,12,Fri,3,0.749314718240893
HB_HUBAVG,12,Fri,4,0.754339635384756
HB_HUBAVG,12,Fri,5,0.787152112771182
HB_HUBAVG,12,Fri,6,0.920393464134268
HB_HUBAVG,12,Fri,7,1.49024685580861
HB_HUBAVG,12,Fri,8,1.33296926483571
HB_HUBAVG,12,Fri,9,1.12125121208759
HB_HUBAVG,12,Fri,10,1.08538210307448
HB_HUBAVG,12,Fri,11,1.01531113866282
HB_HUBAVG,12,Fri,12,0.986388919710353
HB_HUBAVG,12,Fri,13,0.954942664035854
HB_HUBAVG,12,Fri,14,0.931855832734325
HB_HUBAVG,12,Fri,15,0.891494401482003
HB_HUBAVG,12,Fri,16,0.886376859137332
HB_HUBAVG,12,Fri,17,0.94123413431619
HB_HUBAVG,12,Fri,18,1.55682121888975
HB_HUBAVG,12,Fri,19,1.27737098805038
HB_HUBAVG,12,Fri,20,1.09624240786928
HB_HUBAVG,12,Fri,21,0.998244945413847
HB_HUBAVG,12,Fri,22,0.967284972043592
HB_HUBAVG,12,Fri,23,0.872251516014029
HB_HUBAVG,12,Fri,24,0.820057215358416
HB_HUBAVG,12,Sat,1,0.783342830842064
HB_HUBAVG,12,Sat,2,0.733873960753372
HB_HUBAVG,12,Sat,3,0.716480369380032
HB_HUBAVG,12,Sat,4,0.728613802071918
HB_HUBAVG,12,Sat,5,0.777287803737635
HB_HUBAVG,12,Sat,6,0.838352401408553
HB_HUBAVG,12,Sat,7,0.971890296468388
HB_HUBAVG,12,Sat,8,1.07461535089642
HB_HUBAVG,12,Sat,9,1.17710662049416
HB_HUBAVG,12,Sat,10,1.18087055626178
HB_HUBAVG,12,Sat,11,1.12625841990678
HB_HUBAVG,12,Sat,12,1.07882347784158
HB_HUBAVG,12,Sat,13,1.01675360540043
HB_HUBAVG,12,Sat,14,0.977805052674645
HB_HUBAVG,12,Sat,15,0.966676894752992
HB_HUBAVG,12,Sat,16,0.955455222899224
HB_HUBAVG,12,Sat,17,1.00695802101141
HB_HUBAVG,12,Sat,18,1.60402109908093
HB_HUBAVG,12,Sat,19,1.33402299858268
HB_HUBAVG,12,Sat,20,1.13387980537413
HB_HUBAVG,12,Sat,21,1.04508832683119
HB_HUBAVG,12,Sat,22,1.00730869825684
HB_HUBAVG,12,Sat,23,0.90851122897763
HB_HUBAVG,12,Sat,24,0.856003156095209
HB_HUBAVG,12,Sun,1,0.776037763775335
HB_HUBAVG,12,Sun,2,0.715694661519543
HB_HUBAVG,12,Sun,3,0.702357070980222
HB_HUBAVG,12,Sun,4,0.717772376628684
HB_HUBAVG,12,Sun,5,0.75378610518712
HB_HUBAVG,12,Sun,6,0.804008724169356
HB_HUBAVG,12,Sun,7,0.936200555360589
HB_HUBAVG,12,Sun,8,0.963590649164958
HB_HUBAVG,12,Sun,9,1.1005411181868
HB_HUBAVG,12,Sun,10,1.15118821659994
HB_HUBAVG,12,Sun,11,1.08155124890971
HB_HUBAVG,12,Sun,12,1.0258997614165
HB_HUBAVG,12,Sun,13,0.971410007102583
HB_HUBAVG,12,Sun,14,0.935642029793615
HB_HUBAVG,12,Sun,15,0.921053341984274
HB_HUBAVG,12,Sun,16,0.913591440409511
HB_HUBAVG,12,Sun,17,0.986445515365504
HB_HUBAVG,12,Sun,18,1.66903078127487
HB_HUBAVG,12,Sun,19,1.47354683283423
HB_HUBAVG,12,Sun,20,1.25858151261756
HB_HUBAVG,12,Sun,21,1.18858708856447
HB_HUBAVG,12,Sun,22,1.08595243037746
HB_HUBAVG,12,Sun,23,0.963188510756737
HB_HUBAVG,12,Sun,24,0.904342257020434
HB_HUBAVG,12,Mon,1,0.753520636593649
HB_HUBAVG,12,Mon,2,0.702147680976404
HB_HUBAVG,12,Mon,3,0.688979022167423
HB_HUBAVG,12,Mon,4,0.710738766459693
HB_HUBAVG,12,Mon,5,0.77560580079059
HB_HUBAVG,12,Mon,6,0.911935046187028
HB_HUBAVG,12,Mon,7,1.61751048349262
HB_HUBAVG,12,Mon,8,1.47990125313782
HB_HUBAVG,12,Mon,9,1.21034509876946
HB_HUBAVG,12,Mon,10,1.15871180722848
HB_HUBAVG,12,Mon,11,1.04694091730447
HB_HUBAVG,12,Mon,12,0.97641157663232
HB_HUBAVG,12,Mon,13,0.92657894189718
HB_HUBAVG,12,Mon,14,0.900979242729803
HB_HUBAVG,12,Mon,15,0.883992323706027
HB_HUBAVG,12,Mon,16,0.871235863442961
HB_HUBAVG,12,Mon,17,0.914777046687813
HB_HUBAVG,12,Mon,18,1.51543710672779
HB_HUBAVG,12,Mon,19,1.29497596864398
HB_HUBAVG,12,Mon,20,1.09217428405361
HB_HUBAVG,12,Mon,21,1.00346481804056
HB_HUBAVG,12,Mon,22,0.940289967213945
HB_HUBAVG,12,Mon,23,0.849411035169756
HB_HUBAVG,12,Mon,24,0.773935311946617
HB_HUBAVG,12,Tue,1,0.752407496867113
HB_HUBAVG,12,Tue,2,0.713752733296634
HB_HUBAVG,12,Tue,3,0.705541353590794
HB_HUBAVG,12,Tue,4,0.743019561263123
HB_HUBAVG,12,Tue,5,0.788071847529794
HB_HUBAVG,12,Tue,6,0.909967940894407
HB_HUBAVG,12,Tue,7,1.43691791377847
HB_HUBAVG,12,Tue,8,1.2539634716161
HB_HUBAVG,12,Tue,9,1.13429793214173
HB_HUBAVG,12,Tue,10,1.11324248388108
HB_HUBAVG,12,Tue,11,1.06262606867941
HB_HUBAVG,12,Tue,12,1.00803877732148
HB_HUBAVG,12,Tue,13,0.949529632969711
HB_HUBAVG,12,Tue,14,0.908791384996257
HB_HUBAVG,12,Tue,15,0.884671989084176
HB_HUBAVG,12,Tue,16,0.874082986000823
HB_HUBAVG,12,Tue,17,0.919625503891724
HB_HUBAVG,12,Tue,18,1.58482079480845
HB_HUBAVG,12,Tue,19,1.34605348222757
HB_HUBAVG,12,Tue,20,1.14978925146738
HB_HUBAVG,12,Tue,21,1.07873017753534
HB_HUBAVG,12,Tue,22,0.988086350215344
HB_HUBAVG,12,Tue,23,0.880603066603073
HB_HUBAVG,12,Tue,24,0.813367799340026
HB_HUBAVG,12,Wed,1,0.80371536393092
HB_HUBAVG,12,Wed,2,0.764112226386126
HB_HUBAVG,12,Wed,3,0.757446091902112
HB_HUBAVG,12,Wed,4,0.767445293628133
HB_HUBAVG,12,Wed,5,0.809279224208916
HB_HUBAVG,12,Wed,6,0.936749362747725
HB_HUBAVG,12,Wed,7,1.58228837811505
HB_HUBAVG,12,Wed,8,1.36949696710564
HB_HUBAVG,12,Wed,9,1.17675644879619
HB_HUBAVG,12,Wed,10,1.12935865793741
HB_HUBAVG,12,Wed,11,1.0699670739322
HB_HUBAVG,12,Wed,12,1.01936743895118
HB_HUBAVG,12,Wed,13,0.974357908872104
HB_HUBAVG,12,Wed,14,0.941079725699939
HB_HUBAVG,12,Wed,15,0.896700066595733
HB_HUBAVG,12,Wed,16,0.900741738684466
HB_HUBAVG,12,Wed,17,0.939006400407667
HB_HUBAVG,12,Wed,18,1.39450809373267
HB_HUBAVG,12,Wed,19,1.243601506004
HB_HUBAVG,12,Wed,20,1.06886479972618
HB_HUBAVG,12,Wed,21,0.981916360570514
HB_HUBAVG,12,Wed,22,0.928482306202589
HB_HUBAVG,12,Wed,23,0.818123662481014
HB_HUBAVG,12,Wed,24,0.726634903381511
